Entry,0006135,OLDRS,RS,RAWQP,QP,RS2,RAWQP2,QP2,RS3,RAWQP3,QP3,RawAvg,RatingYear,Vintage,Qterms,FullName,AppellationLevel,AppellationName,WineryName,Region,EvaluationAvg,Price,Grapes,Pairing,ScoreAvg,EvaluationAIS,ScoreAIS,EvaluationGR,ScoreGR,SLC,TLC,WineTypeIT,WineType,Alcohol,Bottles,AgingMonths,AgingTypeIT,AgingType,Tasting,Notes,Country,VintageNV,Method,Sweetness
2,0000851,,,,,,,,,,,,2017,2013,Classico,Castelli Di Jesi Verdicchio Riserva Classico Vigna Il Cantico Della Figura,DOCG,Castelli Di Jesi Verdicchio Riserva,Andrea Felici,Marche,5,35-39,Verdicchio 100%,Rotolo di coniglio ai pistacchi,91,,91,,na,,,Bianco fermo,White Wine,13.5,7,4+12,acciaio+cemento,steel+concrete,"Oro vivo e lucente. Energico e magnetico, sprigiona un ricco bouquet di frutta: cedro, prugna gialla, ananas, kiwi e mandorla, con pennellate agrumate. Seguono crema pasticciera, camomilla e ginestra alternate a rosmarino e finocchio selvatico; infine cenni minerali ghiaiosi. Deciso, sinuoso e intrigante, esprime al palato le sue origini. Solare e generoso, è teso, sapido, quasi affilato, di nerbo. Ha nell'aromaticità della  beva il suo punto di forza e chiude su sfumature di anice che si amalgamano alla perfetta salinità. Matura in cemento per 12 mesi sui lieviti e affina in bottiglia per 24 ",,Italy,,,
2,0000851,,,,,,,,,,,,2019,2015,Classico,Castelli Di Jesi Verdicchio Riserva Classico Vigna Il Cantico Della Figura,DOCG,Castelli Di Jesi Verdicchio Riserva,Andrea Felici,Marche,3,40-44,Verdicchio 100%,Calamari ripieni,87,,87,,na,,,Bianco fermo,White Wine,13.5,7,4+12,acciaio+cemento,steel+concrete,"Giallo paglierino luminoso. Profumi  di ginestra, zagara, giuggiola e  pesca bianca stuzzicano l'olfatto, intrecciandosi con ventate di lime e bergamotto. Evidente la presenza di pietra focaia, insieme a un lieve soffio di miele. Deciso e pulito l'ingresso in bocca, sapido e fresco. Personalità e buon equilibrio la fanno da padrone. Elegante chiusura dai toni amaricanti. Riposa in cemento per 12 mesi e per 2 anni affina in bottiglia ",,Italy,,,
2,0000851,,,,,,,,,,,,2020,2016,Classico,Castelli Di Jesi Verdicchio Riserva Classico Vigna Il Cantico Della Figura,DOCG,Castelli Di Jesi Verdicchio Riserva,Andrea Felici,Marche,5,50-54,Verdicchio 100%,Baccalà al forno con patate e datterini,91,,91,,na,,,Bianco fermo,White Wine,13.5,7,4+12,acciaio+cemento,steel+concrete,"Giallo paglierino con luccicanti riflessi dorati. Al naso regala, in successione, ananas, camomilla, ginestra, zafferano e prugna gialla; una sensazione delicata di cera arricchisce l'esperienza olfattiva. All'assaggio è appagante, avvolgente  e saporito: freschezza e sapidità apportano grande personalità; richiami agrumati accompagnano un finale corroborante, persistente, dal tipico profilo ammandorlato. Si intravede  un futuro ancor più promettente Maturazione in acciaio per 4 mesi, poi in cemento vetrificato per altri 12, sui propri lieviti. ",,Italy,,,
2,0000851,,,,,,,,,,,,2021,2017,Classico,Castelli Di Jesi Verdicchio Riserva Classico Vigna Il Cantico Della Figura,DOCG,Castelli Di Jesi Verdicchio Riserva,Andrea Felici,Marche,5,50-54,Verdicchio 100%,Tagliata di tonno su crema di zucca e zafferano,91,,91,,na,,,Bianco fermo,White Wine,13.5,6,4+12,acciaio+cemento,steel+concrete,"Giallo paglierino luminoso con intarsi verdolini. Il quadro olfattivo è disegnato da sentori di ginestra, Mimosa e cera d'api; la progressione continua con mandorla, tartufo e zolfo, fra percettibili sbuffi di anice e vaniglia, nespola e melone bianco. Il gusto è deciso e di carattere. Di gran pregio l'intreccio di freschezza e sapidità che stempera una struttura di rilievo. L'equilibrio è perfetto come eccellente è la qualità Impressionante il finale lunghissimo dai ricordi ammandorlati. Fermenta  e matura in acciaio per 4 mesi, poi in cemento vetrificato per altri 12. ",,Italy,,,
2,0000851,,,,,,,,,,,,2022,2018,Classico,Castelli Di Jesi Verdicchio Riserva Classico Vigna Il Cantico Della Figura,DOCG,Castelli Di Jesi Verdicchio Riserva,Andrea Felici,Marche,5,55-59,Verdicchio 100%,Salmone in crosta,91,,91,,na,,,Bianco fermo,White Wine,13,10,4,acciaio,steel,"Giallo paglierino. Intensi profumi di biancospino, mela verde e pompelmo. Richiami di erbe officinali. Al palato l'impatto è de- ciso e assordante: alcol, acidità e sale creano un equilibrio im- prontato sull'abbondanza e sulla longevità. Gli aromi si esprimo- no lentamente verso note di arancia e iodio",,Italy,,,
2,0000851,,,,,,,,,,,,2023,2019,Classico,Castelli Di Jesi Verdicchio Riserva Classico Vigna Il Cantico Della Figura,DOCG,Castelli Di Jesi Verdicchio Riserva,Andrea Felici,Marche,5,58-62,Verdicchio 100%,Filetto di dentice in crosta di patate,91,,97,,na,,,Bianco fermo,White Wine,13.5,6,4,acciaio,steel,"glierino su tonalità dorate, Mosal sontuoso e interminabile. Miele, botrlte, anice e glnestra, pol 2enzero, rosmarino. agrumi e pietra focala. Glicerico Lassaggio, di grande poter  Lunghissima estensione e grande fiuturo.  ",,Italy,,,
1,000851-1,15.25,85,1.42,59,,,,,,,4.7,,,Classico,Castelli Di Jesi Verdicchio Riserva Classico Vigna Il Cantico Della Figura,DOCG,Castelli Di Jesi Verdicchio Riserva,Andrea Felici,Marche,3★-5★,58-62,Verdicchio 100%,Rotolo di coniglio ai pistacchi – Calamari ripieni – Baccalà al forno con patate e datterini – Tagliata di tonno su crema di zucca e zafferano – Salmone in crosta – Filetto di dentice in crosta di patate,90.3,0★,91.3,nd,nd,,,Bianco fermo,White Wine,13.5,6k,4,acciaio,steel,,,Italy,,,
2,0000860,,,,,,,,,,,,2019,2015,,Castelli Di Jesi Verdicchio Riserva Zirro,DOCG,Castelli Di Jesi Verdicchio Riserva,Broccanera,Marche,3,20-24,Verdicchio 100%,Salmone al forno,86,,86,,na,,,Bianco fermo,White Wine,14,2,24,acciaio,steel,"Veste dorata. Sentori evoluti di iodio accompagnano una bella speziatura intrecciata a peperone verde e asparago, erbe di campo e un soffio sulfureo. Distinto ed elegante al gusto, esprime un perfetto equilibrio tra alcol e percezione fresco-sapida. La chiusura sfuma lentamente su echi di cera d'api. Maturazione in acciaio per 24 mesi. ",,Italy,,,
2,0000860,,,,,,,,,,,,2020,2016,,Castelli Di Jesi Verdicchio Riserva Zirro,DOCG,Castelli Di Jesi Verdicchio Riserva,Broccanera,Marche,3,20-24,Verdicchio 100%,nd,86,,86,,na,,,Bianco fermo,White Wine,13.5,1,24,acciaio,steel,,,Italy,,,
1,0000860-1,0.68,4,0.17,7,,,,,,,3.0,,,,Castelli Di Jesi Verdicchio Riserva Zirro,DOCG,Castelli Di Jesi Verdicchio Riserva,Broccanera,Marche,3★,20-24,Verdicchio 100%,Salmone al forno,na,,na,,na,,,Bianco fermo,White Wine,13.5,1-2,24,acciaio,steel,,,Italy,,,
2,0000861,,,,,,,,,,,,2018,2015,Classico,Castelli Di Jesi Verdicchio Riserva Classico San Nicolo,DOCG,Castelli Di Jesi Verdicchio Riserva,Brunori,Marche,3,10-14,Verdicchio 100%,Tagliata di tonno con sesamo e wasabi,86,,86,,na,,,Bianco fermo,White Wine,14,1,12,cemento,concrete,"Traspare eleganza già alla vista, dal colore dorato luminoso. La conferma  è un grande impatto olfattivo che si apre con fiori gialli, mandorle, arachidi, pistacchi e lime. Un accenno di canfora accompagna sentori di pietra focaia e una sfumatura vanigliata. La vibrante tensione gustativa, tutta in divenire,  si caratterizza per alcolicità, acidità e sapidità, splendidamente protagoniste. Raffinato nella persistenza con belle prospettive per il futuro. Riposa in botti di cemento per 12 mesi ",,Italy,,,
2,0000861,,,,,,,,,,,,2019,2016,Classico,Castelli Di Jesi Verdicchio Riserva Classico San Nicolo,DOCG,Castelli Di Jesi Verdicchio Riserva,Brunori,Marche,5,10-14,Verdicchio 100%,Rombo all'acqua pazza,91,,91,,na,,,Bianco fermo,White Wine,13.5,2,12,cemento,concrete,"Giallo paglierino lucente. Brillante esordio legato a sensazioni floreali  di camomilla, ginestra e rosa, unite a frutta a polpa gialla che amplifica la successiva folata erbacea di melissa, aneto e salvia. Ricordi di pietra focaia e il tipico tocco ammandorlato. Pur palesando un'immediata tonicità, al palato si mostra elegante, con una ricca presenza sapida, resa più rotonda dall'equilibrata vena alcolica e dalla lieve scia amaricante nel lungo finale Maturazione in botti di cemento per 12 mesi ",,Italy,,,
2,0000861,,,,,,,,,,,,2020,2017,Classico,Castelli Di Jesi Verdicchio Riserva Classico San Nicolo,DOCG,Castelli Di Jesi Verdicchio Riserva,Brunori,Marche,2,10-14,Verdicchio 100%,nd,84,,84,,na,,,Bianco fermo,White Wine,14,1,12,cemento,concrete,,,Italy,,,
2,0000861,,,,,,,,,,,,2021,2018,Classico,Castelli Di Jesi Verdicchio Riserva Classico San Nicolo,DOCG,Castelli Di Jesi Verdicchio Riserva,Brunori,Marche,3,10-14,Verdicchio 100%,Orata al forno con olive e pomodori pachino,85,,85,,na,,,Bianco fermo,White Wine,13.5,2,12,cemento,concrete,"Paglierino smagliante dalle screziature dorate. Chiari e intensi sentori di mimosa e nespola sono seguiti da richiami alla mandorla. Raffinato e rotondo il sorso, bilanciato da una stimolante acidità  che ravviva la beva; intriganti tratti di frutta secca arricchiscono la chiusura. Fermenta con lieviti indigeni e matura in botti di cemento per 12 mesi ",,Italy,,,
2,0000861,,,,,,,,,,,,2022,2019,Classico,Castelli Di Jesi Verdicchio Riserva Classico San Nicolo,DOCG,Castelli Di Jesi Verdicchio Riserva,Brunori,Marche,3,10-14,Verdicchio 100%,nd,86,,86,,na,,,Bianco fermo,White Wine,14,1,12,cemento,concrete,,,Italy,,,
2,0000861,,,,,,,,,,,,2023,2020,Classico,Castelli Di Jesi Verdicchio Riserva Classico San Nicolo,DOCG,Castelli Di Jesi Verdicchio Riserva,Brunori,Marche,3,10-14,Verdicchio 100%,Coda di rospo in potacchio,86,,88,,na,,,Bianco fermo,White Wine,13.5,1,12,cemento,concrete,"Giallo paglierino fitto fitto e Impreziosito da screziature dorate. Albicocca  ita, salvia e rosmarino con macchia mediterranea e mirto mpagnano al gusto, che s rivela caldo, glicerico ma bilanciato dalla presenza di una glusta componente fresco-sapida. DI buona struttura. Finale di albicocc  ",,Italy,,,
1,000861-1,4.45,25,2.07,86,,,,,,,3.2,,,Classico,Castelli Di Jesi Verdicchio Riserva Classico San Nicolo,DOCG,Castelli Di Jesi Verdicchio Riserva,Brunori,Marche,2★-5★,10-14,Verdicchio 100%,Tagliata di tonno con sesamo e wasabi – Rombo all'acqua pazza – Orata al forno con olive e pomodori pachino – Coda di rospo in potacchio,86.3,0★,86.7,nd,nd,,,Bianco fermo,White Wine,13.5,1k,12,cemento,concrete,,,Italy,,,
2,0000850,,,,,,,,,,,,2018,2014,Classico,Castelli Di Jesi Verdicchio Riserva Classico Villa Bucci,DOCG,Castelli Di Jesi Verdicchio Riserva,Bucci,Marche,5,35-39,Verdicchio 100%,Spigola di cattura al forno,94,,94,,na,,,Bianco fermo,White Wine,13,13,18,botte grande,big oak,"Paglierino vivo, dai lampi aurei – ginestra - 80 | tarassaco - 80 | miele - 80 | camomilla - 80 | menta - 60 | foglia di tè - 60 | curry - 50 | cannella - 50 | noce moscata - 50 | tabacco biondo - 40 | susina gialla - 30 | pera - 30 | uva - 30 | mandorla - 20 | cedro - 20 | macchia mediterranea - 10 – Armonico e di accurata manifattura, dispensa finezza ed eleganza, lunga gittata aromatica, vitalità e vibrazioni. Denota espressiva tipicità e lunga prospettiva temporale  In grandi botti di rovere, vecchie di ottant'anni, per 18 mesi. ",,Italy,,,
2,0000850,,,,,,,,,,,,2019,2015,Classico,Castelli Di Jesi Verdicchio Riserva Classico Villa Bucci,DOCG,Castelli Di Jesi Verdicchio Riserva,Bucci,Marche,5,40-44,Verdicchio 100%,Timballo di ragù bianco con tartufo,93,,93,,na,,,Bianco fermo,White Wine,13.5,22,18,botte grande,big oak,"Giallo paglierino luminoso, dagli archetti fitti e lenti – mandorla verde - 80 | acacia - 80 | zagara - 80 | ananas - 70 | erbe aromatiche - 60 | cedro - 50 | vaniglia - 20 – Al palato sfoggia gran corpo e dotazione calorica, supportata da un'adeguata spalla acida. Retrogusto finale lungo e di frutta esotica. Riposa in vecchie botti di rovere di Slavonia per 18 mesi. ",,Italy,,,
2,0000850,,,,,,,,,,,,2020,2016,Classico,Castelli Di Jesi Verdicchio Riserva Classico Villa Bucci,DOCG,Castelli Di Jesi Verdicchio Riserva,Bucci,Marche,5,35-39,Verdicchio 100%,Aragosta in graticola,92,,92,,na,,,Bianco fermo,White Wine,13.5,25,18,botte grande,big oak,"Abito giallo paglierino con arabeschi d'oro zecchino – macchia mediterranea - 80 | salmastro - 70 | ginestra - 70 | felce - 70 | mimosa - 50 | tarassaco - 50 | iodio - 20 – Eleganza e armonia in bocca, fatta  di carezze gliceriche, spinta fresca  e grandiosa, estasiante sapidità Interminabile la persistenza. Riposa per 18 mesi in botti grandi di rovere, vecchie di ottant'anni. ",,Italy,,,
2,0000850,,,,,,,,,,,,2021,2017,Classico,Castelli Di Jesi Verdicchio Riserva Classico Villa Bucci,DOCG,Castelli Di Jesi Verdicchio Riserva,Bucci,Marche,5,35-39,Verdicchio 100%,Medaglioni di rana pescatrice con lardo e scaloppa di fegato,92,,92,,na,,,Bianco fermo,White Wine,13.5,22,18,botte grande,big oak,"Giallo paglierino di sfavillante luminosità – pesca - 90 | ginestra - 90 | mandorla tostata - 80 | vaniglia - 60 | miele - 40 | giglio - 30 | agrumi - 10 | erbe aromatiche - 10 – In bocca stupisce sin dal primo impatto, mostrando un'acidità sferzante e un'avvolgente morbidezza, che rendono irresistibile ogni sorso. La componente sapida ravviva la beva e accompagna il lungo finale costellato da aromi di agrumi  ed erbe aromatiche. Il tempo saprà arricchire ancor di più un vino che già  si distingue per la sua classe. Matura in vecchie botti di rovere di Slavonia per 18 mesi ",,Italy,,,
2,0000850,,,,,,,,,,,,2022,2018,Classico,Castelli Di Jesi Verdicchio Riserva Classico Villa Bucci,DOCG,Castelli Di Jesi Verdicchio Riserva,Bucci,Marche,5,35-39,Verdicchio 100%,Rombo chiodato al forno,93,,93,,na,,,Bianco fermo,White Wine,13.5,25,18,botte grande,big oak,Lucente paglierino – sambuco - 80 | anice - 80 | finocchietto - 80 | zagara - 60 | acacia - 60 | biancospino - 50 | pera - 50 | cedro - 30 – Ottima freschezza supportata da sapidità e calore alcolico che rendono il sorso molto lungo.,,Italy,,,
2,0000850,,,,,,,,,,,,2023,2019,Classico,Castelli Di Jesi Verdicchio Riserva Classico Villa Bucci,DOCG,Castelli Di Jesi Verdicchio Riserva,Bucci,Marche,5,60-64,Verdicchio 100%,Rollè di cernia con patate al rosmarino,93,,92,,na,,,Bianco fermo,White Wine,13.5,9,18,botte grande,big oak,"Paglierino. All'otfatto mostra eleganza, pulizia e complessità. SI ficonoscono sambuco, basilico, anice, mela cotogna, cedro e lime. Aì palato è di spl personalità, s ripetono lentamente tutte le sensazioni catturate al naso. Un vino teso, verticale, dalla sapidità Importante e dalle ottime  evolutive,  ",,Italy,,,
1,000850-1,17.89,100,1.61,67,,,,,,,5.0,,,Classico,Castelli Di Jesi Verdicchio Riserva Classico Villa Bucci,DOCG,Castelli Di Jesi Verdicchio Riserva,Bucci,Marche,5★,60-64,Verdicchio 100%,Spigola di cattura al forno – Timballo di ragù bianco con tartufo – Aragosta in graticola – Medaglioni di rana pescatrice con lardo e scaloppa di fegato – Rombo chiodato al forno – Rollè di cernia con patate al rosmarino,92.8,0★,92.7,nd,nd,,,Bianco fermo,White Wine,13.5,9k,18,botte grande,big oak,,,Italy,,,
2,0000856,,,,,,,,,,,,2018,2014,Classico,Castelli Di Jesi Verdicchio Riserva Classico Crisio,DOCG,Castelli Di Jesi Verdicchio Riserva,Casalfarneto,Marche,2,15-19,Verdicchio 100%,nd,84,,84,,na,,,Bianco fermo,White Wine,13,10,12,acciaio/botte media,steel/medium oak,,,Italy,,,
2,0000856,,,,,,,,,,,,2019,2015,Classico,Castelli Di Jesi Verdicchio Riserva Classico Crisio,DOCG,Castelli Di Jesi Verdicchio Riserva,Casalfarneto,Marche,5,15-19,Verdicchio 100%,Rombo chiodato con carciofi,91,,91,,na,,,Bianco fermo,White Wine,13,10,12,acciaio/botte media,steel/medium oak,"Paglierino di grande luminosità, con preziose screziature verdoline. Apre con nobili effluvi di pesca, ananas e anice, contornati da nuance di ginestra ed erba tagliata. Seguono sambuco e cedro che si integrano mirabilmente  La componente alcolica è avvolgente e ben sostenuta da una vivace  acidità e da un'intrigante sapidità, che accompagnano fino all'irresistibile epilogo di mandorla verde. Ineccepibile da subito, potrà donare ulteriori sorprese a chi avrà la pazienza di aspettare. Fermenta per metà in legno e per metà in acciaio, poi sosta in acciaio per 12 MEesi ",,Italy,,,
2,0000856,,,,,,,,,,,,2020,2016,Classico,Castelli Di Jesi Verdicchio Riserva Classico Crisio,DOCG,Castelli Di Jesi Verdicchio Riserva,Casalfarneto,Marche,3,15-19,Verdicchio 100%,nd,86,,86,,na,,,Bianco fermo,White Wine,13.5,10,12,acciaio/botte media,steel/medium oak,,,Italy,,,
2,0000856,,,,,,,,,,,,2021,2017,Classico,Castelli Di Jesi Verdicchio Riserva Classico Crisio,DOCG,Castelli Di Jesi Verdicchio Riserva,Casalfarneto,Marche,3,15-19,Verdicchio 100%,zuppa di seppie e ceci al rosmarino,86,,86,,na,,,Bianco fermo,White Wine,13.5,10,12,acciaio/botte media,steel/medium oak,"Giallo paglierino dalle brillanti striature verdoline e oro. Salmastro al naso, trascina profumi di mandarino e salvia, con nuance di fieno, pan brioche, erbe aromatiche, frutta secca e coriandolo. Equilibrio edificato sulla morbidezza, intrisa di sapidità. Gustoso già ora,  tra qualche anno raggiungerà la sua massima espressione. Riposa per metà in acciaio e per metà in tonneau per 12 mesi. ",,Italy,,,
2,0000856,,,,,,,,,,,,2022,2018,Classico,Castelli Di Jesi Verdicchio Riserva Classico Crisio,DOCG,Castelli Di Jesi Verdicchio Riserva,Casalfarneto,Marche,3,15-19,Verdicchio 100%,nd,88,,90,,na,,,Bianco fermo,White Wine,13,10,12,acciaio/botte media,steel/medium oak,,,Italy,,,
2,0000856,,,,,,,,,,,,2023,2019,Classico,Castelli Di Jesi Verdicchio Riserva Classico Crisio,DOCG,Castelli Di Jesi Verdicchio Riserva,Casalfarneto,Marche,3,15-19,Verdicchio 100%,Ravioli di pesce con canestrelli,88,,92,,na,,,Bianco fermo,White Wine,13.5,7,12,acciaio/botte media,steel/medium oak,"Paglierino luminoso. Apre, dapprima timido, con un cespuglio di fiori diacacla e di lavanda. Poi lime e mentuccia, All'assaggio, IL rapporto tramorbidezza e freschezza permette IL raggiungimento dellequiubrio, Nelretrogusto emerge un cenno di mandorla e di biscotti al buIro,",,Italy,,,
1,000856-1,4.45,25,1.46,61,,,,,,,3.2,,,Classico,Castelli Di Jesi Verdicchio Riserva Classico Crisio,DOCG,Castelli Di Jesi Verdicchio Riserva,Casalfarneto,Marche,2★-5★,15-19,Verdicchio 100%,Rombo chiodato con carciofi – zuppa di seppie e ceci al rosmarino – Ravioli di pesce con canestrelli,87.2,0★,88.2,nd,nd,,,Bianco fermo,White Wine,13.5,7k,12,acciaio/botte media,steel/medium oak,,,Italy,,,
2,0000863,,,,,,,,,,,,2022,2017,Classico,Castelli Di Jesi Verdicchio Riserva Classico Labieno,DOCG,Castelli Di Jesi Verdicchio Riserva,Colognola Tenuta Musone,Marche,4,15-19,Verdicchio 100%,San Pietro all'acqua pazza,89,,89,,na,,,Bianco fermo,White Wine,14.5,4,12+12,acciaio+botte,steel+oak,"Brillante paglierino con screzi dorati. Variegato al naso, espri- me note di spezie dolci, finocchietto e anice. Il floreale spazia dalla ginestra alla mimosa, poi cedro, buccia d’arancia e per- coca. La freschezza gustativa è equilibrata al volume alcoli- co. Chiude con richiami di frutti gialli maturi.",,Italy,,,
2,0000863,,,,,,,,,,,,2023,2018,Classico,Castelli Di Jesi Verdicchio Riserva Classico Labieno,DOCG,Castelli Di Jesi Verdicchio Riserva,Colognola Tenuta Musone,Marche,4,18-22,Verdicchio 100%,Ricciola al forno con capperi,89,,88,,na,,,Bianco fermo,White Wine,14.5,4,12+12,acciaio+botte,steel+oak,"Ha Il colore della paglia e una sfiziosa motteplicità olfattiva: fiori giall, freschi e appassiti, miele, pietra focala e bacche di glnepro. Pol I melone maturo, La bocca è rotonda, la morbidezza alcolica è bilancata dalla sapldità, ma desidera farsi attendere, senza fretta. Epllogo su frutta esotica.  ",,Italy,,,
1,000863-1,2.00,11,0.56,23,,,,,,,4.0,,,Classico,Castelli Di Jesi Verdicchio Riserva Classico Labieno,DOCG,Castelli Di Jesi Verdicchio Riserva,Colognola Tenuta Musone,Marche,4★,18-22,Verdicchio 100%,San Pietro all'acqua pazza – Ricciola al forno con capperi,89.0,0★,88.5,nd,nd,,,Bianco fermo,White Wine,14.5,4k,12+12,acciaio+botte,steel+oak,,,Italy,,,
2,0000863,,,,,,,,,,,,2017,2015,Classico,Castelli Di Jesi Verdicchio Riserva Classico Labieno XIII Ottobre,DOCG,Castelli Di Jesi Verdicchio Riserva,Colognola Tenuta Musone,Marche,3,15-19,Verdicchio 100%,Lasagna di pesce azzurro,86,,86,,na,,,Bianco fermo,White Wine,14.5,3,12,acciaio,steel,"Veste giallo paglierino vivace e una consistenza che rallenta le movenze nel calice. Profilo olfattivo tostato, con mela cotogna, acacia e timo a completare  lo spettro. Al palato è ricercato; la distinta freschezza tiene in perfetto equilibrio una calda e vellutata struttura Chiude lungo e saporito, con delicate reminiscenze di zafferano. Fermenta  in legno grande e riposa per 12 mesi in acciaio. ",,Italy,,,
2,0000863,,,,,,,,,,,,2018,2016,Classico,Castelli Di Jesi Verdicchio Riserva Classico Labieno XIII Ottobre,DOCG,Castelli Di Jesi Verdicchio Riserva,Colognola Tenuta Musone,Marche,2,15-19,Verdicchio 100%,nd,84,,84,,na,,,Bianco fermo,White Wine,14.5,3,-,-,-,,,Italy,,,
2,0000880,,,,,,,,,,,,2019,2015,Classico,Castelli Di Jesi Verdicchio Classico Riserva Tufico,DOCG,Castelli Di Jesi Verdicchio Riserva,Colonnara,Marche,3,15-19,Verdicchio 100%,Zuppa di molluschi,85,,85,,na,,,Bianco fermo,White Wine,13.5,5,12,acciaio,steel,"Calice colorato di giallo paglierino e  oro. Refoli di frutta tropicale, melissa, ginestra rigogliosa e mineralità incantano il naso, mentre le papille sono solleticate da generosa morbidezza e rotondità, ben supportata da un'elettrica freschezza. Sul finale tratti iodati. Riposa in acciaio per 12 mesi ",,Italy,,,
2,0000880,,,,,,,,,,,,2020,2016,Classico,Castelli Di Jesi Verdicchio Classico Riserva Tufico,DOCG,Castelli Di Jesi Verdicchio Riserva,Colonnara,Marche,3,10-14,Verdicchio 100%,Branzino al sale,86,,86,,na,,,Bianco fermo,White Wine,13.5,5,12,acciaio,steel,"Dorato luminoso. Accattivante e generoso, esordisce con camomilla, frutta disidratata e mela cotogna, insieme a delicate sensazioni iodate.  A ruota seguono idrocarburi, mandorla tostata e folate di anice. l'espressione gustativa è incentrata su una armonizzante dotazione calorica e una serrata sapidità. Ha un perfetto equilibrio e una lunga persistenza ammandorlata. Matura in acciaio per 12 mesi. ",,Italy,,,
2,0000880,,,,,,,,,,,,2023,2019,Classico,Castelli Di Jesi Verdicchio Classico Riserva Tufico,DOCG,Castelli Di Jesi Verdicchio Riserva,Colonnara,Marche,3,16-20,Verdicchio 100%,Trenette al pesto,86,,88,,na,,,Bianco fermo,White Wine,13,5,12,acciaio,steel,,,Italy,,,
1,000880-1,1.47,8,0.46,19,,,,,,,2.8,,,Classico,Castelli Di Jesi Verdicchio Classico Riserva Tufico,DOCG,Castelli Di Jesi Verdicchio Riserva,Colonnara,Marche,2★-3★,16-20,Verdicchio 100%,Lasagna di pesce azzurro – Zuppa di molluschi – Branzino al sale – Trenette al pesto,85.4,0★,85.8,nd,nd,,,Bianco fermo,White Wine,13,5k,12,acciaio,steel,,,Italy,,,
2,0006135,,,,,,,,,,,,2023,2019,Classico,Castelli Di Jesi Verdicchio Riserva Classico Santa Maria D'Arco,DOCG,Castelli Di Jesi Verdicchio Riserva,Enrico Ceci,Marche,3,18-22,Verdicchio 100%,Pesce spada al cartoccio,86,,86,,na,,,Bianco fermo,White Wine,13.5,3,15,botte grande,big oak,,,Italy,,,
1,0006135-1,0.34,2,0.09,4,,,,,,,3.0,NEW,,Classico,Castelli Di Jesi Verdicchio Riserva Classico Santa Maria D'Arco,DOCG,Castelli Di Jesi Verdicchio Riserva,Enrico Ceci,Marche,3★,18-22,Verdicchio 100%,Pesce spada al cartoccio,86.0,0★,86.0,nd,nd,,,Bianco fermo,White Wine,13.5,3k,15,botte grande,big oak,,,Italy,,,
2,0000864,,,,,,,,,,,,2021,2017,Classico,Castelli Di Jesi Verdicchio Riserva Classico Stracacio,DOCG,Castelli Di Jesi Verdicchio Riserva,Fattoria Coroncino,Marche,3,25-29,Verdicchio 100%,nd,86,,86,,na,,,Bianco fermo,White Wine,15,2,22,acciaio,steel,,,Italy,,,
1,0000864-1,0.34,2,0.07,3,,,,,,,3.0,,,Classico,Castelli Di Jesi Verdicchio Riserva Classico Stracacio,DOCG,Castelli Di Jesi Verdicchio Riserva,Fattoria Coroncino,Marche,3★,25-29,Verdicchio 100%,nd,na,,na,,na,,,Bianco fermo,White Wine,15,2,22,acciaio,steel,,,Italy,,,
2,0006133,,,,,,,,,,,,2023,2020,Classico,Castelli Di Jesi Verdicchio Riserva Classico Origini,DOCG,Castelli Di Jesi Verdicchio Riserva,Fattoria Nanni,Marche,3,25-29,Verdicchio 100%,Bocconcini di rana pescatrice,86,,89,,na,,,Bianco fermo,White Wine,13,10,15,botte grande,big oak,"Paglierino vivido. Apertura oreale di gelsomino e U, seguiti da sbuffi marini, etbette aromatiche di montagna, anice e un notevole agrumato. Netto I sorso, di vibrante frescnezza e decisa sapidità. Impeccabile la coerenza con lolfatto.Non teme Il tempo, anzi è pronto a sfidarlo  ",,Italy,,,
1,0006133-1,0.34,2,0.07,3,,,,,,,3.0,NEW,,Classico,Castelli Di Jesi Verdicchio Riserva Classico Origini,DOCG,Castelli Di Jesi Verdicchio Riserva,Fattoria Nanni,Marche,3★,25-29,Verdicchio 100%,Bocconcini di rana pescatrice,86.0,0★,89.0,nd,nd,,,Bianco fermo,White Wine,13,10k,15,botte grande,big oak,,,Italy,,,
2,0000865,,,,,,,,,,,,2018,2014,Classico,Castelli Di Jesi Verdicchio Riserva Classico San Sisto,DOCG,Castelli Di Jesi Verdicchio Riserva,Fazi Battaglia Tenute San Sisto,Marche,3,20-24,Verdicchio 100%,Spaghetti alla carbonara,85,,85,,na,,,Bianco fermo,White Wine,13.5,15,12,botte,oak,"Giallo luminescente. Il profumo indugia timido a uscire. Sollecitati da lieve rotazione del calice, i sentori di zagara, burro d'alpeggio, fiori gialli di montagna ed erbe aromatiche emergono armoniosi. Gusto adolescente, citrino. Erbaceo e minerale combattono tra loro sfumando in chiusura con una mandorla verde. Barrique e tonneau di Allier per 12 mesi e altrettanti in bottiglia. ",,Italy,,,
2,0000865,,,,,,,,,,,,2019,2015,Classico,Castelli Di Jesi Verdicchio Riserva Classico San Sisto,DOCG,Castelli Di Jesi Verdicchio Riserva,Fazi Battaglia Tenute San Sisto,Marche,3,20-24,Verdicchio 100%,Galantina di fagiano con lamelle di formaggio di fossa,86,,86,,na,,,Bianco fermo,White Wine,14,15,12,botte,oak,"Paglierino brillante con lampi  dorati. Profilo olfattivo raffinato, che esordisce con nette espressioni di brezza salmastra. Seguono ricordi di zafferano, ginestra, mandorla amara, scorza d'arancia, anice stellato, pesca ed erbe aromatiche. Chiusura affidata a fragranze di pasticceria. Massima espressività al palato, che offre equilibrio e persistenza. Finale gradevolmente ammandorlato. In acciaio e in legno, di varie dimensioni, per 12 mesi ",,Italy,,,
2,0000865,,,,,,,,,,,,2020,2016,Classico,Castelli Di Jesi Verdicchio Riserva Classico San Sisto,DOCG,Castelli Di Jesi Verdicchio Riserva,Fazi Battaglia Tenute San Sisto,Marche,3,20-24,Verdicchio 100%,Oca arrosto con patate,85,,85,,na,,,Bianco fermo,White Wine,13,15,12,botte,oak,"Paglierino dai riflessi dorati. Al naso esalta ricordi fruttati di giuggiola e agrumi, con evidenze caramellate Evolve verso sensazioni di pietra focaia, lungo scie floreali di sambuco, zagara, ginestra, con cenni di pesca nettarina. Una piacevole acidità citrina si palesa al sorso, equilibrato dalla vivida sapidità e dalla vena alcolica. In acciaio e in botte grande per 12 mesi, poi un anno in bottiglia ",,Italy,,,
2,0000865,,,,,,,,,,,,2021,2017,Classico,Castelli Di Jesi Verdicchio Riserva Classico San Sisto,DOCG,Castelli Di Jesi Verdicchio Riserva,Fazi Battaglia Tenute San Sisto,Marche,3,20-24,Verdicchio 100%,Baccalà lesso con salsa verde,86,,86,,na,,,Bianco fermo,White Wine,13,15,12,botte,oak,"| Verdolino luminoso. Fine e garbato al naso, apre con cemni di tè verde, erba fresca e sfumature di aghi di pino, cedro, poi acacia e biancospino. Riempie il palato con la sua massa, restando agile, improntato a freschezza e componente sapida; lungo il retrogusto di mandorla. Fermentazione e maturazione in acciaio e in botte grande per 12 mesi ",,Italy,,,
2,0000865,,,,,,,,,,,,2022,2018,Classico,Castelli Di Jesi Verdicchio Riserva Classico San Sisto,DOCG,Castelli Di Jesi Verdicchio Riserva,Fazi Battaglia Tenute San Sisto,Marche,4,20-24,Verdicchio 100%,Branzino al sale,89,,89,,na,,,Bianco fermo,White Wine,13,13,12,botte,oak,"Veste paglierino. Bouquet tra balsamico, cera d'api, foglie di tè verde, richiamo salmastro, che sconfina poi al dattero maturo. Al palato risulta equilibrato, grazie a sapidità e acidità rinfrescanti e alcolicità calorica. Finale lungo e pieno su lime e pompelmo.",,Italy,,,
2,0000865,,,,,,,,,,,,2023,2019,Classico,Castelli Di Jesi Verdicchio Riserva Classico San Sisto,DOCG,Castelli Di Jesi Verdicchio Riserva,Fazi Battaglia Tenute San Sisto,Marche,4,21-25,Verdicchio 100%,Linguine con asparagi e calamaretti,89,,87,,na,,,Bianco fermo,White Wine,13,13,12,botte,oak,"Luminosa veste paglierino. Ricama Il suo bouquet con ginestra, rosa e zagara. Accende memorie di melissa e tè verde con anice, ghiala e accenti i albicocca, nespola e maracula. Florido e dinamico, disegna vitall Incisioni Hresco-sapide e acute finezze. Distinto e garbato, dona ammandoriate  ",,Italy,,,
1,000865-1,3.36,19,0.82,34,,,,,,,3.3,,,Classico,Castelli Di Jesi Verdicchio Riserva Classico San Sisto,DOCG,Castelli Di Jesi Verdicchio Riserva,Fazi Battaglia Tenute San Sisto,Marche,3★-4★,21-25,Verdicchio 100%,Spaghetti alla carbonara – Galantina di fagiano con lamelle di formaggio di fossa – Oca arrosto con patate – Baccalà lesso con salsa verde – Branzino al sale – Linguine con asparagi e calamaretti,86.7,0★,86.3,nd,nd,,,Bianco fermo,White Wine,13,13k,12,botte,oak,,,Italy,,,
2,0000857,,,,,,,,,,,,2019,2015,Classico,Castelli Di Jesi Verdicchio Riserva Classico Dino,DOCG,Castelli Di Jesi Verdicchio Riserva,Filodivino,Marche,3,15-19,Verdicchio 100%,Zuppa di farro con pancetta e funghi,86,,86,,na,,,Bianco fermo,White Wine,14,2,18,acciaio,steel,"Paglierino lucente. Lieve e delicato all’olfatto, diffonde profumi di zagara, miele di acacia e mandorla tostata.  Una sfumatura minerale sulfurea a concludere. La stessa leggerezza sì ritrova al gusto, segnato da gradevole freschezza. Il finale ricorda le spezie dolci. Riposa in acciaio per 18 mesi, con bàtonnage frequenti. ",,Italy,,,
2,0000857,,,,,,,,,,,,2021,2017,Classico,Castelli Di Jesi Verdicchio Riserva Classico Dino,DOCG,Castelli Di Jesi Verdicchio Riserva,Filodivino,Marche,3,20-24,Verdicchio 100%,Baccalà con salsa verde,86,,86,,na,,,Bianco fermo,White Wine,14,4,12,acciaio/botte media,steel/medium oak,"Manto dorato. Apre con ricordi di miele d'acacia, cera d'api e crema pasticciera; poi, foglia di pomodoro, tarassaco, frutta cotta, albicocca disidratata e  fiori essiccati, su un leggero sentore di buccia di arancia. Al gusto è morbido, con acidità e accenno salino equilibrati da decisa dotazione alcolica. Rimane in acciaio per 12 mesi e affina in bottiglia per 18 mesi. ",,Italy,,,
2,0000857,,,,,,,,,,,,2022,2018,Classico,Castelli Di Jesi Verdicchio Riserva Classico Dino,DOCG,Castelli Di Jesi Verdicchio Riserva,Filodivino,Marche,3,20-24,Verdicchio 100%,Rombo al forno con patate,86,,86,,na,,,Bianco fermo,White Wine,15,5,18,acciaio/botte media,steel/medium oak,"Paglierino intenso. Ventaglio olfattivo di ananas e albicocca ma- tura, di tarassaco e mimosa, anche appassiti, con tocco erbaceo di fieno. In bocca è pieno e avvolgente, con una struttura impor- tante ben evidenziata dalla morbidezza. Le note finali sono erba- cee e tostate insieme. ",,Italy,,,
2,0000857,,,,,,,,,,,,2023,2019,Classico,Castelli Di Jesi Verdicchio Riserva Classico Dino,DOCG,Castelli Di Jesi Verdicchio Riserva,Filodivino,Marche,3,21-25,Verdicchio 100%,Linguine allo scoglio,86,,86,,na,,,Bianco fermo,White Wine,13,5,18,acciaio/botte media,steel/medium oak,,,Italy,,,
1,000857-1,1.35,8,0.33,14,,,,,,,3.0,,,Classico,Castelli Di Jesi Verdicchio Riserva Classico Dino,DOCG,Castelli Di Jesi Verdicchio Riserva,Filodivino,Marche,3★,21-25,Verdicchio 100%,Zuppa di farro con pancetta e funghi – Baccalà con salsa verde – Rombo al forno con patate – Linguine allo scoglio,86.0,0★,86.0,nd,nd,,,Bianco fermo,White Wine,13,5k,18,acciaio/botte media,steel/medium oak,,,Italy,,,
2,0000866,,,,,,,,,,,,2017,2012,Classico,Castelli Di Jesi Verdicchio Riserva Classico Serra Fiorese,DOCG,Castelli Di Jesi Verdicchio Riserva,Garofoli,Marche,3,15-19,Verdicchio 100%,Ricciola al forno con tartufo,86,,86,,na,,,Bianco fermo,White Wine,13,1,11,botte piccola,small oak,"Giallo tendente al dorato. Inebria il naso in un susseguirsi di profumi: pasticceria, caramelle d'orzo, malto, scaglie di cioccolato bianco, zafferano, poi rosa gialla appassita, nespola, albicocca disidratata, miele e mandorla. Pieno  e morbido, con spina dorsale fresco- sapida. Lunga persistenza, con la mineralità che ne conferma il profilo aristocratico. Per 11 mesi in barrique di media tostatura ",,Italy,,,
2,0000866,,,,,,,,,,,,2018,2013,Classico,Castelli Di Jesi Verdicchio Riserva Classico Serra Fiorese,DOCG,Castelli Di Jesi Verdicchio Riserva,Garofoli,Marche,5,15-19,Verdicchio 100%,Pescatrice lardellata su purea di ceci e tartufo,91,,91,,na,,,Bianco fermo,White Wine,12.5,6,11,botte piccola,small oak,"Colata d'oro luccicante. Sentieri melliflui di vaniglia, rosa gialla, burro, cheesecake al limone, ginestra rigogliosa e cera d'api. Inebria le papille gustative con morbide rotondità. Caldo il respiro, che rimanda a memorie di zafferano e a un velo di pepe bianco. Viva e vellutata la persistenza. Matura in acciaio per 15 mesi, poi in barrique per altri 11. ",,Italy,,,
2,0000866,,,,,,,,,,,,2019,2014,Classico,Castelli Di Jesi Verdicchio Riserva Classico Serra Fiorese,DOCG,Castelli Di Jesi Verdicchio Riserva,Garofoli,Marche,3,15-19,Verdicchio 100%,Uova con tartufo bianco e fonduta di bagoss,86,,86,,na,,,Bianco fermo,White Wine,13.5,6,11,botte piccola,small oak,"Oro antico. Al naso emergono profumi di camomilla, tarassaco, cera d'api e biscotto. Intriga con zafferano, noce moscata, mandorla, uva spina e melissa, susina gialla e albicocca secca. Ricco e sinuoso in bocca, dal morbido abbraccio sapido. In barrique per 11 mesi e in bottiglia per 2 anni. ",,Italy,,,
2,0000866,,,,,,,,,,,,2020,2015,Classico,Castelli Di Jesi Verdicchio Riserva Classico Serra Fiorese,DOCG,Castelli Di Jesi Verdicchio Riserva,Garofoli,Marche,3,15-19,Verdicchio 100%,Paella alla catalana,87,,87,,na,,,Bianco fermo,White Wine,13.5,6,11,botte piccola,small oak,"Paglierino lucente. Suadente spettro olfattivo: cera d’api, camomilla e  fieno, con melone e albicocca, erbe aromatiche e sfumature salmastre. Al gusto presenta grande struttura, con sapidità in evidenza e chiusura coerente di pasta sfoglia. Matura in legno piccolo per 11 mesi e affina in bottiglia per altri 24 ",,Italy,,,
2,0000866,,,,,,,,,,,,2021,2016,Classico,Castelli Di Jesi Verdicchio Riserva Classico Serra Fiorese,DOCG,Castelli Di Jesi Verdicchio Riserva,Garofoli,Marche,5,15-19,Verdicchio 100%,Filetto di ombrina in crosta di noci e pistacchi,91,,91,,na,,,Bianco fermo,White Wine,13.5,6,11,botte piccola,small oak,"Incantevole giallo paglierino dai riflessi oro. Il suadente profilo olfattivo offre profumi di burro e crema al limone, timo e rosmarino, ricordi iodati; poi camonmilla e albicocca. Al gusto è generoso e si esprime carezzevole e morbido, avvolgendo l’intero cavo orale. Al contempo è fresco ed equilibrato  da una gustosa sapidità. Il finale persistente torna sulle sfumature di erbe aromatiche. Fermentazione in acciaio e maturazione in barrique per 11 mesi. Affina in bottiglia, a temperatura controllata, per 24 mesi. ",,Italy,,,
2,0000866,,,,,,,,,,,,2022,2017,Classico,Castelli Di Jesi Verdicchio Riserva Classico Serra Fiorese,DOCG,Castelli Di Jesi Verdicchio Riserva,Garofoli,Marche,4,15-19,Verdicchio 100%,nd,89,,89,,na,,,Bianco fermo,White Wine,13.5,6,11,botte piccola,small oak,,,Italy,,,
2,0000866,,,,,,,,,,,,2023,2019,Classico,Castelli Di Jesi Verdicchio Riserva Classico Serra Fiorese,DOCG,Castelli Di Jesi Verdicchio Riserva,Garofoli,Marche,4,18-22,Verdicchio 100%,Branzino al forno con erbe aromatiche,89,,90,,na,,,Bianco fermo,White Wine,13.5,6,11,botte piccola,small oak,"Giallo paglierino con bagliori dorati. Profumi imm tra, zagara, sca glalla è mandoria tostata; seguono anice e Zenzero, Assa  incentrato su potente espressione calorica, tempestivamente Ingenti  briosi e vibranti toni sapidi. Epilogo con echi ammandortati e agrumati.  ",,Italy,,,
1,000866-1,8.65,48,2.42,100,,,,,,,3.9,,,Classico,Castelli Di Jesi Verdicchio Riserva Classico Serra Fiorese,DOCG,Castelli Di Jesi Verdicchio Riserva,Garofoli,Marche,3★-5★,18-22,Verdicchio 100%,Pescatrice lardellata su purea di ceci e tartufo – Uova con tartufo bianco e fonduta di bagoss – Paella alla catalana – Filetto di ombrina in crosta di noci e pistacchi – Branzino al forno con erbe aromatiche,88.4,0★,88.6,nd,nd,,,Bianco fermo,White Wine,13.5,6k,11,botte piccola,small oak,,,Italy,,,
2,0000867,,,,,,,,,,,,2021,2017,Classico,Castelli Di Jesi Verdicchio Riserva Classico Rincrocca,DOCG,Castelli Di Jesi Verdicchio Riserva,La Staffa,Marche,3,20-24,Verdicchio 100%,Linguine ai ricci di mare,86,,86,,na,,,Bianco fermo,White Wine,13.5,6,12,cemento,concrete,"Paglierino vivido e lucente. Giungono al naso eleganti afflati di biancospino, pesca, Mughetto, erba citrina e vaniglia Al palato risalta il bilanciato intreccio di freschezza e sapidità, ben sostenute dalla struttura. Amaricante nel finale, con una lieve nota fumé. Maturazione in cemento per 12 mesi e lungo affinamento in bottiglia. ",,Italy,,,
2,0000867,,,,,,,,,,,,2022,2018,Classico,Castelli Di Jesi Verdicchio Riserva Classico Rincrocca,DOCG,Castelli Di Jesi Verdicchio Riserva,La Staffa,Marche,3,25-29,Verdicchio 100%,Trancio di pesce spada in padella,87,,87,,na,,,Bianco fermo,White Wine,13.5,9,12,cemento,concrete,"Colore paglierino. Note di camomilla, dragoncello, mandorla e sbuffo di idrocarburi disegnano un bel quadro olfattivo. Morbido al gusto, con bella percezione alcolica, è animato da una rinfre- scante sapidità che lo accompagna fino alla scia finale ricca di ricordi agrumati.",,Italy,,,
2,0000867,,,,,,,,,,,,2023,2019,Classico,Castelli Di Jesi Verdicchio Riserva Classico Rincrocca,DOCG,Castelli Di Jesi Verdicchio Riserva,La Staffa,Marche,3,23-27,Verdicchio 100%,Parmigiano reggiano,87,,86,,na,,,Bianco fermo,White Wine,13.5,9,12,cemento,concrete,,,Italy,,,
1,000867-1,1.02,6,0.23,9,,,,,,,3.0,,,Classico,Castelli Di Jesi Verdicchio Riserva Classico Rincrocca,DOCG,Castelli Di Jesi Verdicchio Riserva,La Staffa,Marche,3★,23-27,Verdicchio 100%,Parmigiano reggiano – Trancio di pesce spada in padella – Linguine ai ricci di mare,86.7,0★,86.3,nd,nd,,,Bianco fermo,White Wine,13.5,9k,12,cemento,concrete,,,Italy,,,
2,0000862,,,,,,,,,,,,2021,2019,Classico,Castelli Di Jesi Verdicchio Riserva Classico Selezione Cimarelli,DOCG,Castelli Di Jesi Verdicchio Riserva,Luca Cimarelli,Marche,3,20-24,Verdicchio 100%,nd,86,,86,,na,,,Bianco fermo,White Wine,14.5,2,-,-,-,,,Italy,,,
1,0000862-1,0.34,2,0.09,4,,,,,,,3.0,,,Classico,Castelli Di Jesi Verdicchio Riserva Classico Selezione Cimarelli,DOCG,Castelli Di Jesi Verdicchio Riserva,Luca Cimarelli,Marche,3★,20-24,Verdicchio 100%,nd,na,,na,,na,,,Bianco fermo,White Wine,14.5,2,-,-,-,,,Italy,,,
2,0000878,,,,,,,,,,,,2018,2013,Classico,Castelli Di Jesi Verdicchio Classico Riserva,DOCG,Castelli Di Jesi Verdicchio Riserva,Mancini,Marche,3,15-19,Verdicchio 100%,Lumache con erbette,87,,87,,na,,,Bianco fermo,White Wine,14,1,16,acciaio,steel,"Giallo paglierino dorato. Profumi fini e delicati di frutta esotica, pesca a polpa gialla e mandorla verde lasciano spazio a fiori di zagara e acacia. La personalità decisa e fresca si completa con la vena sapida, che dona equilibrio ed eleganza al finale, rispondente e tipico. Riposa in acciaio, una piccola parte in barrique, per 16 mesi. ",,Italy,,,
2,0000878,,,,,,,,,,,,2019,2014,Classico,Castelli Di Jesi Verdicchio Classico Riserva,DOCG,Castelli Di Jesi Verdicchio Riserva,Mancini,Marche,3,15-19,Verdicchio 100%,Gnocchi al ragù di fegatini di pollo,85,,85,,na,,,Bianco fermo,White Wine,14,1,16,acciaio,steel,"Giallo paglierino. Esordisce con un sentore minerale di idrocarburi; seguono rosa gialla e ginestra, fichi, erba cedrina e salvia, orzo tostato. L’alcolicità insieme alla morbidezza rende il vino avvolgente e di sostanza. l finale si ripropone fruttato. In acciaio per 16 mesi, una piccola parte in barrique per la stessa durata. ",,Italy,,,
2,0000878,,,,,,,,,,,,2020,2015,Classico,Castelli Di Jesi Verdicchio Classico Riserva,DOCG,Castelli Di Jesi Verdicchio Riserva,Mancini,Marche,5,15-19,Verdicchio 100%,Pappardelle al ragù bianco di lepre,91,,91,,na,,,Bianco fermo,White Wine,14,1,16,acciaio,steel,"Giallo paglierino con screziature verdoline. Ampia la cornice olfattiva, che si schiude con sofisticati intarsi  di camomilla, ginestra, melissa, bergamotto, pepe bianco e anice stellato. Seguono nespola, mandorla verde e pistacchi. Aristocratico, il suo filo conduttore è l'eleganza. Al palato ha una ricercata struttura, di evidente alcolicità, amalgamata alla perfezione. Lunghissimo e appagante, non teme  il futuro. Matura in acciaio, con una piccola parte in barrique di Allier, per 16 mesi ",,Italy,,,
2,0000878,,,,,,,,,,,,2021,2016,Classico,Castelli Di Jesi Verdicchio Classico Riserva,DOCG,Castelli Di Jesi Verdicchio Riserva,Mancini,Marche,3,15-19,Verdicchio 100%,Coniglio alle erbe aromatiche,86,,86,,na,,,Bianco fermo,White Wine,14,2,16,acciaio,steel,"Lucente veste giallo paglierino con riflessi dorati. Dipinge al naso profumi di ginestra, rosa gialla e tarassaco; dispensa foglie di tè verde, ghiaia e mentuccia, poi pepe bianco, pompelmo e passion fruit. Generoso e seducente, mostra stoffa e opulenza: vivo e tenace, offre una tensione fresco-sapida ben proporzionata. Vendemmia tardiva; vinificazione in acciaio per 16 mesi, con una piccola parte in legno ",,Italy,,,
2,0000878,,,,,,,,,,,,2022,2017,Classico,Castelli Di Jesi Verdicchio Classico Riserva,DOCG,Castelli Di Jesi Verdicchio Riserva,Mancini,Marche,3,15-19,Verdicchio 100%,Branzino al sale,86,,87,,na,,,Bianco fermo,White Wine,14,2,24,acciaio/botte piccola,steel/small oak,"Giallo paglierino vivace. Dispensa profumi di fiori di campo, finocchio, iperico, erba cedrina, sentori di frutta con rimandi di mandarino. In bocca rivela freschezza, sapidità, un giusto calore; allungo gustativo e finale di mandorla e bergamotto. Matura in acciaio, con una minima parte in barrique, per 24 mesi ",,Italy,,,
2,0000878,,,,,,,,,,,,2023,2018,Classico,Castelli Di Jesi Verdicchio Classico Riserva,DOCG,Castelli Di Jesi Verdicchio Riserva,Mancini,Marche,3,18-22,Verdicchio 100%,Ricciola al forno con capperi,86,,92,,na,,,Bianco fermo,White Wine,14,2,24,acciaio/botte piccola,steel/small oak,"Glallo sole. Debutto espressivo che Ubera Intrecci di sambuco, camomilia  peperone verde e anice, in un'Interessante altemanza con pletra focala,  nespola e mela cotogna, Coerente Il sorso, grande bevibilità e progressione catva nobile. Lungo il finale dellcatamente tostato.  u  ",,Italy,,,
1,000878-1,4.67,26,1.31,54,,,,,,,3.3,,,Classico,Castelli Di Jesi Verdicchio Classico Riserva,DOCG,Castelli Di Jesi Verdicchio Riserva,Mancini,Marche,3★-5★,18-22,Verdicchio 100%,Lumache con erbette – Gnocchi al ragù di fegatini di pollo – Pappardelle al ragù bianco di lepre – Coniglio alle erbe aromatiche – Branzino al sale – Ricciola al forno con capperi,86.8,0★,88.0,nd,nd,,,Bianco fermo,White Wine,14,2k,24,acciaio/botte piccola,steel/small oak,,,Italy,,,
2,0000868,,,,,,,,,,,,2017,2013,Classico,Castelli Di Jesi Verdicchio Riserva Classico Salmariano,DOCG,Castelli Di Jesi Verdicchio Riserva,Marotti Campi,Marche,3,10-14,Verdicchio 100%,Scampi alla busara,86,,86,,na,,,Bianco fermo,White Wine,14,20,12,acciaio/botte media,steel/medium oak,"Paglierino smagliante. Nuance di ananas, vaniglia e rosa. Mostra carattere, abbinando alla struttura un'invidiabile freschezza e un'ottima bevibilità. Di esemplare equilibrio  e notevole persistenza, sfocia in stuzzicanti note tropicali. Trascorre 12 mesi a contatto con i lieviti, in acciaio e una piccola parte in barrique di rovere francese ",,Italy,,,
2,0000868,,,,,,,,,,,,2018,2014,Classico,Castelli Di Jesi Verdicchio Riserva Classico Salmariano,DOCG,Castelli Di Jesi Verdicchio Riserva,Marotti Campi,Marche,3,10-14,Verdicchio 100%,Stoccafisso con patate,87,,87,,na,,,Bianco fermo,White Wine,14,20,12,acciaio/botte media,steel/medium oak,"Giallo paglierino intenso, dai riflessi verde oro. All’olfatto esprime personalità, con vivaci percezioni di sambuco, gelsomino, biancospino, frutta esotica; seguono fresche essenze di agrumi. Ricco e avvolgente all’assaggio, è decisamente setoso e si distingue per eleganza e struttura. Nel finale ritornano lunghi ricordi fumé ed esotici. Sosta in acciaio, una piccola parte in barrique, per 12 mesi. ",,Italy,,,
2,0000868,,,,,,,,,,,,2019,2015,Classico,Castelli Di Jesi Verdicchio Riserva Classico Salmariano,DOCG,Castelli Di Jesi Verdicchio Riserva,Marotti Campi,Marche,3,10-14,Verdicchio 100%,Rombo al forno,87,,87,,na,,,Bianco fermo,White Wine,14,26,12,acciaio/botte media,steel/medium oak,"Giallo dorato. Al naso emergono cenni fruttati di susina goccia d'oro, cedro  e ananas, con ginestra, spezie dolci e una ventata balsamica. Sorso elegante, buona acidità e saporita mineralità, che portano a una conclusione su una scia minerale. Maturazione in acciaio e legno per 12 mesi ",,Italy,,,
2,0000868,,,,,,,,,,,,2020,2016,Classico,Castelli Di Jesi Verdicchio Riserva Classico Salmariano,DOCG,Castelli Di Jesi Verdicchio Riserva,Marotti Campi,Marche,4,10-14,Verdicchio 100%,Oca al forno,89,,89,,na,,,Bianco fermo,White Wine,14,25,12,acciaio/botte media,steel/medium oak,"Sfoggia una veste paglierino con intarsi verdolini. Olfatto ricco e profondo, esibisce suadenti percezioni di tiglio, anice, erbette aromatiche,; sullo sfondo emergono frutta esotica, pepe bianco e uno sbuffo salmastro. Emozionante al gusto: impatto decisamente caldo, corpo pieno e vibrante sapidità; scorre lentamente, lasciando indelebili ricordi ammandorlati. Matura in acciaio per 12 mesi, una piccola parte in barrique usate. ",,Italy,,,
2,0000868,,,,,,,,,,,,2021,2017,Classico,Castelli Di Jesi Verdicchio Riserva Classico Salmariano,DOCG,Castelli Di Jesi Verdicchio Riserva,Marotti Campi,Marche,3,10-14,Verdicchio 100%,San Pietro in potacchio,86,,86,,na,,,Bianco fermo,White Wine,14,26,12,acciaio/botte media,steel/medium oak,"Brillante giallo paglierino. Al naso regala le tipiche tonalità del vitigno: una composizione di fiorellini, gelsomino  e corniolo, frutta a polpa bianca,  spunti di anice e vaniglia. La buona freschezza e la sapidità sono in perfetto bilanciamento con l'’avvolgenza alcolica Maturazione in acciaio, e un terzo in tonneau, per 12 mesi. ",,Italy,,,
2,0000868,,,,,,,,,,,,2022,2018,Classico,Castelli Di Jesi Verdicchio Riserva Classico Salmariano,DOCG,Castelli Di Jesi Verdicchio Riserva,Marotti Campi,Marche,4,10-14,Verdicchio 100%,Ombrina al forno,89,,89,,na,,,Bianco fermo,White Wine,14,30,12,acciaio/botte media,steel/medium oak,"Freschezza cromatica nel dorato lucente. Progressione olfat- tiva: eucalipto, cera d'api, resina, ceralacca, nota salmastra su erba tagliata. Sconfina nelle spezie e nella frutta esotica. Gusto pieno con acidità e sapidità tese e suadente alcolicità. Chiude su agrumi succosi.",,Italy,,,
2,0000868,,,,,,,,,,,,2023,2019,Classico,Castelli Di Jesi Verdicchio Riserva Classico Salmariano,DOCG,Castelli Di Jesi Verdicchio Riserva,Marotti Campi,Marche,4,12-16,Verdicchio 100%,Risotto con gamberi di fiume,89,,87,,na,,,Bianco fermo,White Wine,14,40,12,acciaio/botte media,steel/medium oak,,,Italy,,,
1,000868-1,4.03,23,1.61,66,,,,,,,3.4,,,Classico,Castelli Di Jesi Verdicchio Riserva Classico Salmariano,DOCG,Castelli Di Jesi Verdicchio Riserva,Marotti Campi,Marche,3★-4★,12-16,Verdicchio 100%,Stoccafisso con patate – Rombo al forno – Oca al forno – San Pietro in potacchio – Ombrina al forno – Risotto con gamberi di fiume,87.6,0★,87.3,nd,nd,,,Bianco fermo,White Wine,14,40k,12,acciaio/botte media,steel/medium oak,,,Italy,,,
2,0000869,,,,,,,,,,,,2017,2013,Classico,Castelli Di Jesi Verdicchio Riserva Classico Vigna Novali,DOCG,Castelli Di Jesi Verdicchio Riserva,Moncaro,Marche,3,15-19,Verdicchio 100%,Ravioli di baccalà su crema di ceci,86,,86,,na,,,Bianco fermo,White Wine,14,18,10+10,acciaio+botte,steel+oak,"Oro vivo e luminoso. Sprigiona ricordi  di ginestra, rosa e camomilla fusi a frammenti di melissa e vaniglia, tè e pepe bianco. Esibisce prugna, pesca, mela cotogna e arancia. Rigoroso e sincero nella trama, mostra proporzione tra le componenti gustative. Acciaio e legno complessivamente per 20 mesi ",,Italy,,,
2,0000869,,,,,,,,,,,,2018,2014,Classico,Castelli Di Jesi Verdicchio Riserva Classico Vigna Novali,DOCG,Castelli Di Jesi Verdicchio Riserva,Moncaro,Marche,4,15-19,Verdicchio 100%,Anatra al forno,89,,89,,na,,,Bianco fermo,White Wine,14,9,10+10,acciaio+botte,steel+oak,"Oro antico. Incipit floreale di giacinto  e fiori appassiti; il fruttato richiama la pesca, poi chiari accenti vanigliati e di tabacco biondo, un pizzico di zafferano, erbe aromatiche e una lieve venatura balsamica. L'ingresso in bocca è caldo, si sviluppa con un corpo avvolgente, che conserva immutata la sua eleganza lungo tutto l'assaggio. La chiusura è ancora briosa e saporita; affiorano sentori di mandorla dolce e nocciola Maturazione in acciaio per 10 mesi, con una piccola parte in barrique; seguono 18 mesi di affinamento in bottiglia. ",,Italy,,,
2,0000869,,,,,,,,,,,,2019,2015,Classico,Castelli Di Jesi Verdicchio Riserva Classico Vigna Novali,DOCG,Castelli Di Jesi Verdicchio Riserva,Moncaro,Marche,2,15-19,Verdicchio 100%,nd,84,,84,,na,,,Bianco fermo,White Wine,14,11,10+10,acciaio+botte,steel+oak,,,Italy,,,
2,0000869,,,,,,,,,,,,2020,2016,Classico,Castelli Di Jesi Verdicchio Riserva Classico Vigna Novali,DOCG,Castelli Di Jesi Verdicchio Riserva,Moncaro,Marche,3,15-19,Verdicchio 100%,Pesce spada al finocchietto selvatico,87,,87,,na,,,Bianco fermo,White Wine,14,14,10+10,acciaio+botte,steel+oak,"Paglierino dai lampi dorati. Dipinge un variopinto quadro odoroso con fiori  di mimosa e rosa gialla, foglie di tè e mandorla verde; fonde miele di acacia  e zenzero con anice, gesso, limone e prugna gialla. Vispo e dinamico al palato, è sapido e affilato. Seduce con floridi ritorni coerenti. Sosta in acciaio, una piccola parte in barrique, per 10 mesi; affina in bottiglia per 18 mesi. ",,Italy,,,
2,0000869,,,,,,,,,,,,2021,2017,Classico,Castelli Di Jesi Verdicchio Riserva Classico Vigna Novali,DOCG,Castelli Di Jesi Verdicchio Riserva,Moncaro,Marche,4,15-19,Verdicchio 100%,nd,89,,89,,na,,,Bianco fermo,White Wine,14,6,10+10,acciaio+botte,steel+oak,,,Italy,,,
1,0000869-1,2.79,16,0.92,38,,,,,,,3.2,,,Classico,Castelli Di Jesi Verdicchio Riserva Classico Vigna Novali,DOCG,Castelli Di Jesi Verdicchio Riserva,Moncaro,Marche,2★-4★,15-19,Verdicchio 100%,Ravioli di baccalà su crema di ceci – Anatra al forno – Pesce spada al finocchietto selvatico,na,,na,,na,,,Bianco fermo,White Wine,14,6-18,10+10,acciaio+botte,steel+oak,,,Italy,,,
2,0000853,,,,,,,,,,,,2022,2016,Classico,Castelli Di Jesi Verdicchio Riserva Classico Mirizzi Ergo Sum,DOCG,Castelli Di Jesi Verdicchio Riserva,Montecappone,Marche,3,60-64,Verdicchio 100%,Galletto ruspante con salsa allo scalogno e anice,86,,86,,na,,,Bianco fermo,White Wine,15,1,12,cemento,concrete,"Splendido abito dorato. Al naso si  apre un intreccio prezioso di erbe aromatiche, resina di pino, genziana, frutta disidratata, camomilla in fiore, pesche macerate, cotognata, cera d'api e anice stellato. Palato possente e di grande personalità; la struttura articolata mantiene agilità e lascia spazio a freschi guizzi e soffici morbidezze. Sapidità travolgente. Riposa in cemento per 12 mesi e affina in bottiglia per 4 anni ",,Italy,,,
2,0000853,,,,,,,,,,,,2023,2017,Classico,Castelli Di Jesi Verdicchio Riserva Classico Mirizzi Ergo Sum,DOCG,Castelli Di Jesi Verdicchio Riserva,Montecappone,Marche,3,60-64,Verdicchio 100%,Branzino al forno con erbe aromatiche,86,,88,,na,,,Bianco fermo,White Wine,14.5,2,12,cemento,concrete,,,Italy,,,
1,000853-1,0.68,4,0.06,3,,,,,,,3.0,,,Classico,Castelli Di Jesi Verdicchio Riserva Classico Mirizzi Ergo Sum,DOCG,Castelli Di Jesi Verdicchio Riserva,Montecappone,Marche,3★,60-64,Verdicchio 100%,Galletto ruspante con salsa allo scalogno e anice – Branzino al forno con erbe aromatiche,86.0,0★,87.0,nd,nd,,,Bianco fermo,White Wine,14.5,2k,12,cemento,concrete,,,Italy,,,
2,0000852,,,,,,,,,,,,2017,2013,Classico,Castelli Di Jesi Verdicchio Riserva Classico Utopia,DOCG,Castelli Di Jesi Verdicchio Riserva,Montecappone,Marche,5,15-19,Verdicchio 100%,Oca arrosto con patate,91,,91,,na,,,Bianco fermo,White Wine,14,7,12,cemento,concrete,"Giallo verdolino, di ottima consistenza.  Il profumo raffinato e varietale e il sapore avvolgente sono i caratteri che disegnano la spiccata personalità di questo vino. L'originalità del vitigno  si ritrova in un intreccio di sentori di maggiorana, anice stellato e salvia Pietra focaia, pepe bianco e mandorla fanno da contorno a un bel cesto  di frutta giovane. Fresco e sapido, esuberante e molto intenso anche al gusto, si esprime con ottimo equilibrio e lunga persistenza. Armonico e di grande struttura, sicuramente sarà in grado di sfidare il tempo. Vinificato in acciaio, matura in botti di cemento per 12 mesi ",,Italy,,,
2,0000852,,,,,,,,,,,,2019,2015,Classico,Castelli Di Jesi Verdicchio Riserva Classico Utopia,DOCG,Castelli Di Jesi Verdicchio Riserva,Montecappone,Marche,5,25-29,Verdicchio 100%,Gnocchetti con crema di zucchine e bottarga,91,,91,,na,,,Bianco fermo,White Wine,14.5,10,12,cemento,concrete,"Giallo paglierino delicato e vivace. Lento a mostrarsi, regala all'olfatto una storia interminabile, che muta con il susseguirsi dei secondi: rosa gialla, albicocca e pesca bianca, intervallati da sandalo e coriandolo, vanno evolvendosi verso il pepe bianco e la polvere da sparo. Struttura robusta, sorretta da un'anima fresco-sapida esaltante, accompagnata da calore e morbidezza. Chiusura lunga e ammandorlata per un vino dall'armonioso equilibrio. Riposa in botti di cemento per 12 mesi ",,Italy,,,
2,0000852,,,,,,,,,,,,2020,2016,Classico,Castelli Di Jesi Verdicchio Riserva Classico Utopia,DOCG,Castelli Di Jesi Verdicchio Riserva,Montecappone,Marche,3,25-29,Verdicchio 100%,Cous cous di pollo,86,,86,,na,,,Bianco fermo,White Wine,14.5,10,12,cemento,concrete,"Paglierino con nobili riflessi dorati. All'olfatto spiccano vivaci sentori di ginestra e mandorla, accompagnati  da soffusi effluvi di vaniglia e stimolanti note erbacee. Struttura di grande finezza, caratterizzata da una rassicurante morbidezza ben bilanciata dalla stuzzicante freschezza. Matura in botti di cemento per 12 mesi. ",,Italy,,,
2,0000852,,,,,,,,,,,,2022,2018,Classico,Castelli Di Jesi Verdicchio Riserva Classico Utopia,DOCG,Castelli Di Jesi Verdicchio Riserva,Montecappone,Marche,5,30-34,Verdicchio 100%,Coda di rospo in potacchio,92,,92,,na,,,Bianco fermo,White Wine,14,6,12,cemento,concrete,"Brillante oro sfumato di verde. registro odoroso che riconduce al floreale di sambuco e acacia, al vegetale di mallo di noce, all'ani- ce, al fruttato di pesca bianca e susina. Al gusto la sapidità è sor- retta da vivida freschezza e bilanciata alle note morbide. Lungo finale ammandorlato.",,Italy,,,
2,0000852,,,,,,,,,,,,2023,2019,Classico,Castelli Di Jesi Verdicchio Riserva Classico Utopia,DOCG,Castelli Di Jesi Verdicchio Riserva,Montecappone,Marche,5,31-35,Verdicchio 100%,Ricciola al forno con capperi,92,,91,,na,,,Bianco fermo,White Wine,13,7,12,cemento,concrete,"Giallo paglierino con lampi verdolini, di estrema luce. Appena un attime poi elargisce profumi di pesca nettarina, nespola e albicocca. A seguir elegle minerali sutfuree e stille speziate dolci di vaniglia.  \ gusto stimola iL patato con aciità e sapialtà. DI ottima struttura. Finale lungo e sapido.  ",,Italy,,,
1,000852-1,12.27,69,2.08,86,,,,,,,4.6,,,Classico,Castelli Di Jesi Verdicchio Riserva Classico Utopia,DOCG,Castelli Di Jesi Verdicchio Riserva,Montecappone,Marche,3★-5★,31-35,Verdicchio 100%,Oca arrosto con patate – Gnocchetti con crema di zucchine e bottarga – Cous cous di pollo – Coda di rospo in potacchio – Ricciola al forno con capperi,90.4,0★,90.2,nd,nd,,,Bianco fermo,White Wine,13,7k,12,cemento,concrete,,,Italy,,,
2,0000879,,,,,,,,,,,,2017,2013,Classico,Castelli Di Jesi Verdicchio Classico Riserva San Paolo,DOCG,Castelli Di Jesi Verdicchio Riserva,Pievalta,Marche,5,15-19,Verdicchio 100%,Lasagna in salsa di zafferano e zucchine,91,,91,,na,,,Bianco fermo,White Wine,14,7,14,acciaio,steel,"Giallo luminescente con screziature dorate. Al naso tripudio di pietra focaia, polvere da sparo e innesti fruttati di pera e nespola. Chiude con sentori di ginestre. Emoziona la cavità orale con ricca, vellutata e rotonda trama, sorretta da sferzante e giovanile freschezza che trasforma il sorso in equilibrio dinamico Persistenza lunghissima e appagante. Sosta in acciaio per 18 mesi e affina a lungo in bottiglia. ",,Italy,,,
2,0000879,,,,,,,,,,,,2019,2015,Classico,Castelli Di Jesi Verdicchio Classico Riserva San Paolo,DOCG,Castelli Di Jesi Verdicchio Riserva,Pievalta,Marche,3,15-19,Verdicchio 100%,Tagliatelle con fave e gamberetti,87,,87,,na,,,Bianco fermo,White Wine,13.5,21,14,acciaio,steel,"Giallo paglierino luminoso, consistente Profuma di biancospino, sambuco  e gelsomino; seguono cedro, erbe aromatiche, lavanda e una delicata mandorla amara. Avvolgente in  bocca, gradevolmente fresco e  sapido, nel complesso equilibrato. Finale corrispondente ammandorlato. Maturazione in acciaio per 14 mesi. ",,Italy,,,
2,0000879,,,,,,,,,,,,2020,2016,Classico,Castelli Di Jesi Verdicchio Classico Riserva San Paolo,DOCG,Castelli Di Jesi Verdicchio Riserva,Pievalta,Marche,5,15-19,Verdicchio 100%,Spigola al forno con zucchine,91,,91,,na,,,Bianco fermo,White Wine,13.5,21,19,acciaio,steel,"Giallo paglierino scintillante con screziature verdoline. L'olfatto è incantevole, un caleidoscopio di sensazioni pennellato da anice, foglia di tè verde, finocchietto, nespola, pietra focaia e una nuvola di pepe bianco e anice stellato. Al palato non delude, succoso per sapidità e freschezza,  ma anche dotato di calore e sontuosa struttura. Le percezioni gustative si propongono in una dinamica esaltante: è pronto a sfidare il futuro. Riposa in acciaio per 18 mesi. ",,Italy,,,
2,0000879,,,,,,,,,,,,2021,2017,Classico,Castelli Di Jesi Verdicchio Classico Riserva San Paolo,DOCG,Castelli Di Jesi Verdicchio Riserva,Pievalta,Marche,3,15-19,Verdicchio 100%,Branzino al cartoccio,86,,86,,na,,,Bianco fermo,White Wine,13.5,14,19,acciaio,steel,"Paglierino con sfumature verdi. Profumo vigoroso di sambuco e tiglio, erbe aromatiche e finocchietto, pesca bianca, pera e mandorla verde. La sequenza vira verso una mineralità sulfurea. L’impatto gustativo è prorompente; la fresca sapidità è sostenuta da buona morbidezza a creare un meraviglioso equilibrio. Chiude con sensazioni di melissa e menta. Maturazione in acciaio per 19 mesi ",,Italy,,,
2,0000879,,,,,,,,,,,,2023,2019,Classico,Castelli Di Jesi Verdicchio Classico Riserva San Paolo,DOCG,Castelli Di Jesi Verdicchio Riserva,Pievalta,Marche,3,17-21,Verdicchio 100%,Rombo al forno,86,,89,,na,,,Bianco fermo,White Wine,13.5,11,19,acciaio,steel,"Verdicchio: anice, finocchietto Icall e zenzero. Sofso cremo sapida. Lungheggla su tra  Quasi oro, Amplo naso che parla blancospino, sambuco, timo, cedro, frua del tutt cla la  i mando  ",,Italy,,,
1,000879-1,6.98,39,2.05,85,,,,,,,3.8,,,Classico,Castelli Di Jesi Verdicchio Classico Riserva San Paolo,DOCG,Castelli Di Jesi Verdicchio Riserva,Pievalta,Marche,3★-5★,17-21,Verdicchio 100%,Lasagna in salsa di zafferano e zucchine – Tagliatelle con fave e gamberetti – Spigola al forno con zucchine – Branzino al cartoccio – Rombo al forno,88.2,0★,88.8,nd,nd,,,Bianco fermo,White Wine,13.5,11k,19,acciaio,steel,,,Italy,,,
2,0000870,,,,,,,,,,,,2020,2018,Classico,Castelli Di Jesi Verdicchio Riserva Classico Vigna Novali,DOCG,Castelli Di Jesi Verdicchio Riserva,Poderi Mattioli,Marche,4,20-24,Verdicchio 100%,Spigola al forno con verdure,89,,89,,na,,,Bianco fermo,White Wine,13.5,6,24,acciaio,steel,"Colore paglierino. Il bouquet si apre con generosità a note di gel- somino, sambuco e delicata tostatura. Fanno da contorno noce moscata e idrocarburi. La bocca è pervasa da notevole calore smorzato dalla percezione fresco-sapida magistrale. Ottimo equilibrio e chiusura che richiama l'anice stellato.",,Italy,,,
1,0000870-1,1.00,6,0.25,11,,,,,,,4.0,,,Classico,Castelli Di Jesi Verdicchio Riserva Classico Vigna Novali,DOCG,Castelli Di Jesi Verdicchio Riserva,Poderi Mattioli,Marche,4★,20-24,Verdicchio 100%,Spigola al forno con verdure,na,,na,,na,,,Bianco fermo,White Wine,13.5,6,24,acciaio,steel,,,Italy,,,
2,0000871,,,,,,,,,,,,2017,2013,,Castelli Di Jesi Verdicchio Riserva Lauro,DOCG,Castelli Di Jesi Verdicchio Riserva,Poderi Mattioli,Marche,3,20-24,Verdicchio 100%,Risotto alle erbette di campo,86,,86,,na,,,Bianco fermo,White Wine,13.5,5,-,-,-,"Giallo paglierino. Olfatto elegante di acacia, erba cedrina ed erbe aromatiche, innervato da scie di pompelmo e anice, con mandorla in chiusura. Al gusto  si apprezza per l'equilibrio, la vivace freschezza e la nota sapida. Buona  la concordanza del finale lievemente ammandorlato. Sosta a lungo in acciaio e in bottiglia. ",,Italy,,,
2,0000871,,,,,,,,,,,,2023,2019,,Castelli Di Jesi Verdicchio Riserva Lauro,DOCG,Castelli Di Jesi Verdicchio Riserva,Poderi Mattioli,Marche,3,20-24,Verdicchio 100%,Filetto di branzino gratinato,86,,88,,na,,,Bianco fermo,White Wine,13.5,7,-,-,-,"Venature verdoline ornano lo smagliat richiamo di anice i aggiungono rosa galla, pesca bianca Impalcatura gustativa Imponente. Vino caldo e morbido con di vivida acidità. Nella chlosa tomna sulle percezioni di anice.  paglierino. Profilo otfattivo fine: al stille erbacee. contrappunto  ",,Italy,,,
1,000871-1,0.68,4,0.17,7,,,,,,,3.0,,,,Castelli Di Jesi Verdicchio Riserva Lauro,DOCG,Castelli Di Jesi Verdicchio Riserva,Poderi Mattioli,Marche,3★,20-24,Verdicchio 100%,Risotto alle erbette di campo – Filetto di branzino gratinato,86.0,0★,87.0,nd,nd,,,Bianco fermo,White Wine,13.5,7k,-,-,-,,,Italy,,,
2,0000876,,,,,,,,,,,,2020,2016,,Castelli Di Jesi Verdicchio Riserva Qudi,DOCG,Castelli Di Jesi Verdicchio Riserva,Roberto Venturi,Marche,2,20-24,Verdicchio 100%,Salmone in bellavista,84,,84,,na,,,Bianco fermo,White Wine,14,3,8,acciaio,steel,"Paglierino dai riflessi verdolini. Emergono sentori di acacia, biancospino, giuggiola, mela cotogna, mandorla verde e anice. La sapidità e  la freschezza donano nerbo al sorso, che ripercorre le sensazioni percepite al naso; finale appagante e agrumato. In acciaio per 8 mesi ",,Italy,,,
2,0000876,,,,,,,,,,,,2022,2018,,Castelli Di Jesi Verdicchio Riserva Qudi,DOCG,Castelli Di Jesi Verdicchio Riserva,Roberto Venturi,Marche,3,20-24,Verdicchio 100%,Tagliolini ai frutti di mare,86,,86,,na,,,Bianco fermo,White Wine,13.5,5,12,acciaio,steel,"Veste giallo dorato. Ventaglio olfattivo dai toni di frutta esotica matura e albicocca, profumi floreali di sambuco, acacia e tiglio. Lieve sentore di pietra focaia e nota salmastra. Equilibrato in bocca, dall’interessante struttura, concede piacevolezze ama- ricanti nel finale. ",,Italy,,,
1,0000876-1,0.45,3,0.12,5,,,,,,,2.5,,,,Castelli Di Jesi Verdicchio Riserva Qudi,DOCG,Castelli Di Jesi Verdicchio Riserva,Roberto Venturi,Marche,2★-3★,20-24,Verdicchio 100%,Salmone in bellavista – Tagliolini ai frutti di mare,na,,na,,na,,,Bianco fermo,White Wine,13.5,3-5,8-12 mesi in acciaio,acciaio,steel,,,Italy,,,
2,0000872,,,,,,,,,,,,2017,2014,Classico,Castelli Di Jesi Verdicchio Riserva Classico Tardivo Ma Non Tardo,DOCG,Castelli Di Jesi Verdicchio Riserva,Santa Barbara,Marche,3,25-29,Verdicchio 100%,Filetto di cernia al forno,86,,86,,na,,,Bianco fermo,White Wine,14,9,12,acciaio,steel,"Giallo paglierino intenso. Quadro olfattivo interessante: giglio, gelsomino, tiglio, zagara e camomilla introducono la frutta fresca, tra pesca, prugna  e mandorla verde. Leggere folate vanigliate. In bocca è ricco e caldo, di spiccata sapidità minerale e sorretto da vibrante freschezza. Ritorni fumé in fondo. Sosta in acciaio per 12 mesi. ",,Italy,,,
2,0000872,,,,,,,,,,,,2018,2015,Classico,Castelli Di Jesi Verdicchio Riserva Classico Tardivo Ma Non Tardo,DOCG,Castelli Di Jesi Verdicchio Riserva,Santa Barbara,Marche,3,25-29,Verdicchio 100%,Scampi in guazzetto,87,,87,,na,,,Bianco fermo,White Wine,14,15,12,acciaio,steel,"Arabeschi dorati in un manto giallo paglierino. Seducenti spunti odorosi che spaziano tra rosa gialla, tiglio, zagare di limone, eucalipto e mineralità tufacea.  In bocca morbide sensazioni inseguono energiche freschezze. Delizioso. Sosta in acciaio per 12 mesi. ",,Italy,,,
2,0000872,,,,,,,,,,,,2019,2016,Classico,Castelli Di Jesi Verdicchio Riserva Classico Tardivo Ma Non Tardo,DOCG,Castelli Di Jesi Verdicchio Riserva,Santa Barbara,Marche,5,25-29,Verdicchio 100%,Ravioli al ragù bianco di cinghiale,91,,91,,na,,,Bianco fermo,White Wine,14,13,12,acciaio,steel,"Un perfetto giallo verdolino illumina questo maestoso Verdicchio.  Libera penetranti accenti odorosi di biancospino, sambuco e camomilla, poi mandorla verde, anice, finocchietto selvatico, kiwi, con pennellate di pepe bianco e pietra focaia. Si propone al gusto con grande personalità: la decisa percezione alcolica è mitigata da una vivida vena giocata tra acidità e sapidità, equilibrata e inconfondibile. Nel suo lunghissimo finale riaffiorano vivaci sfumature minerali. Maturazione in acciaio per 12 mesi. ",,Italy,,,
2,0000872,,,,,,,,,,,,2020,2017,Classico,Castelli Di Jesi Verdicchio Riserva Classico Tardivo Ma Non Tardo,DOCG,Castelli Di Jesi Verdicchio Riserva,Santa Barbara,Marche,3,25-29,Verdicchio 100%,nd,86,,86,,na,,,Bianco fermo,White Wine,14,16,24,acciaio,steel,,,Italy,,,
2,0000872,,,,,,,,,,,,2021,2018,Classico,Castelli Di Jesi Verdicchio Riserva Classico Tardivo Ma Non Tardo,DOCG,Castelli Di Jesi Verdicchio Riserva,Santa Barbara,Marche,5,35-39,Verdicchio 100%,Linguine alle arselle,91,,91,,na,,,Bianco fermo,White Wine,14,16,24,acciaio,steel,"Veste giallo paglierino tenue dai riflessi verdolini. Il ventaglio olfattivo intrigante spazia dai sentori di mandarino alla pesca bianca, con intrecci di erbe aromatiche e fiori di gelsomino. Al palato esprime ancora meglio il suo carattere prestante e distintivo. È appagante, affascinante, ricco di suggestioni e invita a più assaggi. Voluminoso, dalla morbidezza avvolgente supportata  e bilanciata da acidità e sapidità prorompenti. Lunghissima la chiusura che esprime splendida pulizia Maturazione in acciaio per 24 mesi. ",,Italy,,,
2,0000872,,,,,,,,,,,,2022,2019,Classico,Castelli Di Jesi Verdicchio Riserva Classico Tardivo Ma Non Tardo,DOCG,Castelli Di Jesi Verdicchio Riserva,Santa Barbara,Marche,4,35-39,Verdicchio 100%,nd,89,,89,,na,,,Bianco fermo,White Wine,14,16,24,acciaio,steel,,,Italy,,,
2,0000872,,,,,,,,,,,,2023,2020,Classico,Castelli Di Jesi Verdicchio Riserva Classico Tardivo Ma Non Tardo,DOCG,Castelli Di Jesi Verdicchio Riserva,Santa Barbara,Marche,4,33-37,Verdicchio 100%,Riso cozze e zafferano,89,,87,,na,,,Bianco fermo,White Wine,14,14,24,acciaio,steel,,,Italy,,,
1,000872-1,8.65,48,1.38,57,,,,,,,3.9,,,Classico,Castelli Di Jesi Verdicchio Riserva Classico Tardivo Ma Non Tardo,DOCG,Castelli Di Jesi Verdicchio Riserva,Santa Barbara,Marche,3★-5★,33-37,Verdicchio 100%,Scampi in guazzetto – Ravioli al ragù bianco di cinghiale – Linguine alle arselle – Riso cozze e zafferano,88.4,0★,88.1,nd,nd,,,Bianco fermo,White Wine,14,14k,24,acciaio,steel,,,Italy,,,
2,0006132,,,,,,,,,,,,2023,2020,Classico,Castelli Di Jesi Verdicchio Riserva Classico Milletta,DOCG,Castelli Di Jesi Verdicchio Riserva,Sartarelli,Marche,3,24-28,Verdicchio 100%,Ravioli di patate e baccalà,86,,89,,na,,,Bianco fermo,White Wine,14,-6,15,botte grande,big oak,,,Italy,,,
1,0006132-1,0.34,2,0.07,3,,,,,,,3.0,NEW,,Classico,Castelli Di Jesi Verdicchio Riserva Classico Milletta,DOCG,Castelli Di Jesi Verdicchio Riserva,Sartarelli,Marche,3★,24-28,Verdicchio 100%,Ravioli di patate e baccalà,86.0,0★,89.0,nd,nd,,,Bianco fermo,White Wine,14,-6k,15,botte grande,big oak,,,Italy,,,
2,0000873,,,,,,,,,,,,2017,2013,Classico,Castelli Di Jesi Verdicchio Riserva Classico Donna Cloe,DOCG,Castelli Di Jesi Verdicchio Riserva,Sparapani Frati Bianchi,Marche,2,30-34,Verdicchio 100%,Passatelli con zucchine,84,,84,,na,,,Bianco fermo,White Wine,13.5,1,15,botte grande,big oak,"Paglierino con riflessi dorati. Intenso effluvio di miele, mimosa e ginestra, con sentori di avocado, nespola e papaia e una sfumatura di vaniglia. Al palato è pieno e avvolgente, morbido ed equilibrato. Chiusura su note tostate. Riposa parte in acciaio e parte in legno grande per 15 mesi. ",,Italy,,,
2,0000873,,,,,,,,,,,,2019,2015,Classico,Castelli Di Jesi Verdicchio Riserva Classico Donna Cloe,DOCG,Castelli Di Jesi Verdicchio Riserva,Sparapani Frati Bianchi,Marche,2,25-29,Verdicchio 100%,Crespelle con I funghi,84,,84,,na,,,Bianco fermo,White Wine,14.5,1,15,botte grande,big oak,"Paglierino lucente. Eleganza e delicatezza sono le parole chiave per descrivere il bouquet di cedro, miele  e pepe bianco, insieme a ricordi di caramelle al limone. Palato dominato dalle dolci presenze di vaniglia e dalla freschezza, che va a scontrarsi con un calore prorompente. In botte grande per 15 mesi, poi affina in bottiglia per un anno. ",,Italy,,,
2,0000873,,,,,,,,,,,,2020,2016,Classico,Castelli Di Jesi Verdicchio Riserva Classico Donna Cloe,DOCG,Castelli Di Jesi Verdicchio Riserva,Sparapani Frati Bianchi,Marche,3,25-29,Verdicchio 100%,Rana pescatrice al forno,86,,86,,na,,,Bianco fermo,White Wine,14,1,15,botte grande,big oak,"Intarsi verdolini vivacizzano un colore paglierino chiaro. Olfatto disposto  su sambuco e acacia; pietra focaia e percezioni sulfuree fanno da supporto a cannella e anice. Mostra spiccata personalità anche al gusto, dove freschezza e sapidità smorzano la decisa componente alcolica, in un equilibrio gradevole come il finale, lungo e amaricante. Permane in legno di rovere per 16 mesi ",,Italy,,,
2,0000873,,,,,,,,,,,,2021,2017,Classico,Castelli Di Jesi Verdicchio Riserva Classico Donna Cloe,DOCG,Castelli Di Jesi Verdicchio Riserva,Sparapani Frati Bianchi,Marche,3,15-19,Verdicchio 100%,Polentina ai frutti di mare in bianco,86,,86,,na,,,Bianco fermo,White Wine,14.5,1,15,botte grande,big oak,"Paglierino cristallino. Volute di mimosa, albicocca, papaia, mie- le, malto e nocciola. Nuance di cipria e vaniglia. Sapidità e mor- bidezza sono le protagoniste di un sorso inebriante, equilibra- to, rispondente e gradevolmente fresco. Persistente su ricordi ammandorlati e note iodate. ",,Italy,,,
2,0000873,,,,,,,,,,,,2023,2019,Classico,Castelli Di Jesi Verdicchio Riserva Classico Donna Cloe,DOCG,Castelli Di Jesi Verdicchio Riserva,Sparapani Frati Bianchi,Marche,3,18-22,Verdicchio 100%,Ricciola al forno con capperi,86,,88,,na,,,Bianco fermo,White Wine,14,1,15,botte grande,big oak,,,Italy,,,
1,000873-1,1.25,7,0.35,14,,,,,,,2.6,,,Classico,Castelli Di Jesi Verdicchio Riserva Classico Donna Cloe,DOCG,Castelli Di Jesi Verdicchio Riserva,Sparapani Frati Bianchi,Marche,2★-3★,18-22,Verdicchio 100%,Passatelli con zucchine – Crespelle con I funghi – Rana pescatrice al forno – Polentina ai frutti di mare in bianco – Ricciola al forno con capperi,85.2,0★,85.6,nd,nd,,,Bianco fermo,White Wine,14,1k,15,botte grande,big oak,,,Italy,,,
2,0006131,,,,,,,,,,,,2023,2019,Classico,Castelli Di Jesi Verdicchio Riserva Classico Franz,DOCG,Castelli Di Jesi Verdicchio Riserva,Tenuta Di Fra,Marche,3,25-29,Verdicchio 100%,Anguilla ai ferri,86,,89,,na,,,Bianco fermo,White Wine,14,2,15,botte grande,big oak,,,Italy,,,
1,0006131-1,0.34,2,0.07,3,,,,,,,3.0,NEW,,Classico,Castelli Di Jesi Verdicchio Riserva Classico Franz,DOCG,Castelli Di Jesi Verdicchio Riserva,Tenuta Di Fra,Marche,3★,25-29,Verdicchio 100%,Anguilla ai ferri,86.0,0★,89.0,nd,nd,,,Bianco fermo,White Wine,14,2k,15,botte grande,big oak,,,Italy,,,
2,0000854,,,,,,,,,,,,2018,2014,Classico,Castelli Di Jesi Verdicchio Riserva Classico Misco,DOCG,Castelli Di Jesi Verdicchio Riserva,Tenuta Di Tavignano,Marche,3,20-24,Verdicchio 100%,Spaghetti con le cozze e crema di ceci,87,,87,,na,,,Bianco fermo,White Wine,13.5,3,12,acciaio,steel,"Giallo paglierino luminoso. Dotato di ottima complessità, si esprime con fiori gialli leggermente appassiti, foglia di tè, mandorla, fieno. Una sottile nota minerale accompagna accattivanti profumi di frutta esotica. Setoso  e avvolgente al palato, conferma pienamente l'eleganza percepita al naso. Chiude con una seducente struttura, ritmata da freschezza e sapidità. Sosta in acciaio per 12 mesi ",,Italy,,,
2,0000854,,,,,,,,,,,,2019,2015,Classico,Castelli Di Jesi Verdicchio Riserva Classico Misco,DOCG,Castelli Di Jesi Verdicchio Riserva,Tenuta Di Tavignano,Marche,4,20-24,Verdicchio 100%,Filetto di ombrina in crosta di noci e pistacchi,89,,89,,na,,,Bianco fermo,White Wine,14,6,12,acciaio,steel,"Paglierino chiaro, con riflessi ancora verdolini. Timide folate minerali di pietra bagnata, impreziosite da camomilla, foglie di tè e fieno, stuzzicano l'olfatto. Emerge un ricordo di mandorla. Palato snello e tonico, con equilibrio preciso e calibrato. Delizia la bocca invogliando un nuovo sorso. Riposa in acciaio per 12 mesi. ",,Italy,,,
2,0000854,,,,,,,,,,,,2020,2016,Classico,Castelli Di Jesi Verdicchio Riserva Classico Misco,DOCG,Castelli Di Jesi Verdicchio Riserva,Tenuta Di Tavignano,Marche,3,20-24,Verdicchio 100%,nd,86,,86,,na,,,Bianco fermo,White Wine,14,6,12,acciaio,steel,,,Italy,,,
2,0000854,,,,,,,,,,,,2021,2017,Classico,Castelli Di Jesi Verdicchio Riserva Classico Misco,DOCG,Castelli Di Jesi Verdicchio Riserva,Tenuta Di Tavignano,Marche,3,20-24,Verdicchio 100%,Brodetto di pesce in bianco,86,,86,,na,,,Bianco fermo,White Wine,13.5,6,12,acciaio,steel,"Paglierino luminoso con riflessi verdolini. Apre con stuzzicanti profumi di pesca gialla, ginestra e tiglio, seguiti da gradevoli nuance di rosmarino, melissa e agrumi. Al sorso mostra un ottimo equilibrio, grazie alla suadente morbidezza e alla stimolante acidità; la beva è ulteriormente ravvivata dalla componente sapida; chiusura costellata da aromi di frutta secca. Vinificato in acciaio, per 12 mesi a contatto con le fecce fini e senza bàtonnage. ",,Italy,,,
2,0000854,,,,,,,,,,,,2022,2018,Classico,Castelli Di Jesi Verdicchio Riserva Classico Misco,DOCG,Castelli Di Jesi Verdicchio Riserva,Tenuta Di Tavignano,Marche,5,25-29,Verdicchio 100%,Linguine all'astice,91,,91,,na,,,Bianco fermo,White Wine,13.5,6,12,acciaio,steel,"Paglierino luminoso. Girandola di profumi: rosa canina, geranio, tè verde, nota iodata e idrocarburi, quindi cardamomo, incenso e lieve zafferano. Spunto balsamico di eucalipto. In bocca c'è equi- librio tra morbidezza alcolica e acidità con un finale coerente ed elegante di spezie orientali.",,Italy,,,
2,0000854,,,,,,,,,,,,2023,2019,Classico,Castelli Di Jesi Verdicchio Riserva Classico Misco,DOCG,Castelli Di Jesi Verdicchio Riserva,Tenuta Di Tavignano,Marche,5,26-30,Verdicchio 100%,Zuppa di pesce,91,,91,,na,,,Bianco fermo,White Wine,13.5,3,12,acciaio,steel,"Paglierino. Esordio balsamico, quindi rosa gialla, fiori campestri, fieno ed erba cecrina. Richiama allusioni silicee e frutta secca come nocciola e pistacchio. Sì aftaccia una screziatura ci afferano. Gusto sapido, dalla freschezza lineare in equiliorio con il qrado alcolico. Chiude su nuance di  ",,Italy,,,
1,000854-1,7.98,45,1.59,66,,,,,,,3.8,,,Classico,Castelli Di Jesi Verdicchio Riserva Classico Misco,DOCG,Castelli Di Jesi Verdicchio Riserva,Tenuta Di Tavignano,Marche,3★-5★,26-30,Verdicchio 100%,Spaghetti con le cozze e crema di ceci – Filetto di ombrina in crosta di noci e pistacchi – Brodetto di pesce in bianco – Linguine all'astice – Zuppa di pesce,88.3,0★,88.3,nd,nd,,,Bianco fermo,White Wine,13.5,3k,12,acciaio,steel,,,Italy,,,
2,0000874,,,,,,,,,,,,2017,2013,Classico,Castelli Di Jesi Verdicchio Riserva Classico Le Giuncare,DOCG,Castelli Di Jesi Verdicchio Riserva,Tenute Pieralisi Monte Schiavo,Marche,3,15-19,Verdicchio 100%,Cefalo di alto mare al sale,86,,86,,na,,,Bianco fermo,White Wine,13.5,6,14,acciaio,steel,"Giallo paglierino con bagliori dorati e vene verdoline. Bouquet intrigante di mentuccia, lime, anice stellato e sassi bagnati dal mare. Tocco tropicale di papaia. Sorso che stuzzica le papille gustative, sollecitate da sferzate di freschezza e buona sapidità. Ottimo edquilibrio e chiusura minerale. In acciaio e un terzo in rovere francese per 14 mesi. ",,Italy,,,
2,0000874,,,,,,,,,,,,2019,2015,Classico,Castelli Di Jesi Verdicchio Riserva Classico Le Giuncare,DOCG,Castelli Di Jesi Verdicchio Riserva,Tenute Pieralisi Monte Schiavo,Marche,3,15-19,Verdicchio 100%,Tagliata di tonno in crosta di pistacchi,86,,86,,na,,,Bianco fermo,White Wine,14,6,14,acciaio,steel,"Fitto giallo paglierino di affascinante lucentezza. Profumi intensi di pompelmo rosa e salvia, frutta a polpa gialla, ananas e papaia. Poi via via ricordi di anice stellato, biscotti e crema pasticciera, con sensazioni di miele, zafferano e vaniglia in chiusura. Palato giocato sull’equilibrio e sulla finezza, con ricordi di legno mai invasivi; il finale persistente porta con sé una scia sapida. Matura parte in acciaio e parte in legno per 14 mesi. ",,Italy,,,
2,0000874,,,,,,,,,,,,2022,2018,Classico,Castelli Di Jesi Verdicchio Riserva Classico Le Giuncare,DOCG,Castelli Di Jesi Verdicchio Riserva,Tenute Pieralisi Monte Schiavo,Marche,4,15-19,Verdicchio 100%,Ravioli al branzino con pinoli tostati,89,,89,,na,,,Bianco fermo,White Wine,13.5,6,14,acciaio,steel,"Bagliori dorati nel vivace paglierino. Cera d’api e miele di erica ce- dono subito il passo a ginestra, mimosa, camomilla, pesca per- coca, nespola e mela golden. Ammalianti sentori di anice, erba di San Pietro e salvia. Caldo e appagante, in bocca lascia danza- re a lungo tutti i suoi aromi.",,Italy,,,
1,0000874-1,1.68,9,0.55,23,,,,,,,3.3,,,Classico,Castelli Di Jesi Verdicchio Riserva Classico Le Giuncare,DOCG,Castelli Di Jesi Verdicchio Riserva,Tenute Pieralisi Monte Schiavo,Marche,3★-4★,15-19,Verdicchio 100%,Cefalo di alto mare al sale – Tagliata di tonno in crosta di pistacchi – Ravioli al branzino con pinoli tostati,na,,na,,na,,,Bianco fermo,White Wine,13.5,6,14,acciaio,steel,,,Italy,,,
2,0000875,,,,,,,,,,,,2017,2013,Classico,Castelli Di Jesi Verdicchio Riserva Classico Plenio,DOCG,Castelli Di Jesi Verdicchio Riserva,Umani Ronchi,Marche,3,15-19,Verdicchio 100%,Agnello al forno,86,,86,,na,,,Bianco fermo,White Wine,14,13,12+12,acciaio+botte,steel+oak,"Giallo paglierino. Olfatto invaso dal floreale di sambuco, gelsomino, ginestra e mimosa. Sensazioni  speziate di vaniglia e sandalo, infine erbe aromatiche, agrumi e malto. Il sorso è morbido e caldo, ben presenti freschezza e sapidità. Buon equilibrio. Riposa in acciaio e parte in legno per 12 mesi. ",,Italy,,,
2,0000875,,,,,,,,,,,,2018,2014,Classico,Castelli Di Jesi Verdicchio Riserva Classico Plenio,DOCG,Castelli Di Jesi Verdicchio Riserva,Umani Ronchi,Marche,3,15-19,Verdicchio 100%,nd,85,,85,,na,,,Bianco fermo,White Wine,13.5,15,12+12,acciaio+botte,steel+oak,,,Italy,,,
2,0000875,,,,,,,,,,,,2019,2015,Classico,Castelli Di Jesi Verdicchio Riserva Classico Plenio,DOCG,Castelli Di Jesi Verdicchio Riserva,Umani Ronchi,Marche,3,15-19,Verdicchio 100%,nd,87,,87,,na,,,Bianco fermo,White Wine,13.5,16,12+12,acciaio+botte,steel+oak,,,Italy,,,
2,0000875,,,,,,,,,,,,2020,2016,Classico,Castelli Di Jesi Verdicchio Riserva Classico Plenio,DOCG,Castelli Di Jesi Verdicchio Riserva,Umani Ronchi,Marche,3,15-19,Verdicchio 100%,Spigola al sale,86,,86,,na,,,Bianco fermo,White Wine,13.5,13,12+12,acciaio+botte,steel+oak,"| Giallo paglierino con intarsi verdolini. La finezza traspare già al naso: emana profumi di biancospino e camomilla, poi fieno, mandorla, tè; sentori marini si avvicendano a pepe bianco e sbuffi vanigliati; non manca l'agrumato. AI palato è potente e caldo, presto domato da una sferzante sinergia tra freschezza e sapidità; avvolto in un morbido equilibrio, offre una tenace persistenza di agrumi e sali minerali. In acciaio, e  | parte in botte grande, per 12 mesi. ",,Italy,,,
2,0000875,,,,,,,,,,,,2021,2017,Classico,Castelli Di Jesi Verdicchio Riserva Classico Plenio,DOCG,Castelli Di Jesi Verdicchio Riserva,Umani Ronchi,Marche,3,15-19,Verdicchio 100%,nd,86,,86,,na,,,Bianco fermo,White Wine,13,13,12+12,acciaio+botte,steel+oak,,,Italy,,,
2,0000875,,,,,,,,,,,,2022,2018,Classico,Castelli Di Jesi Verdicchio Riserva Classico Plenio,DOCG,Castelli Di Jesi Verdicchio Riserva,Umani Ronchi,Marche,4,15-19,Verdicchio 100%,nd,89,,89,,na,,,Bianco fermo,White Wine,13,13,12+12,acciaio+botte,steel+oak,,,Italy,,,
2,0000875,,,,,,,,,,,,2023,2020,Classico,Castelli Di Jesi Verdicchio Riserva Classico Plenio,DOCG,Castelli Di Jesi Verdicchio Riserva,Umani Ronchi,Marche,4,17-21,Verdicchio 100%,Baccalà mantecato,89,,89,,na,,,Bianco fermo,White Wine,13,13,12+12,acciaio+botte,steel+oak,,,Italy,,,
1,000875-1,3.36,19,0.99,41,,,,,,,3.3,,,Classico,Castelli Di Jesi Verdicchio Riserva Classico Plenio,DOCG,Castelli Di Jesi Verdicchio Riserva,Umani Ronchi,Marche,3★-4★,17-21,Verdicchio 100%,Spigola al sale – Baccalà mantecato,86.9,0★,86.9,nd,nd,,,Bianco fermo,White Wine,13,13k,12+12,acciaio+botte,steel+oak,,,Italy,,,
2,0000859,,,,,,,,,,,,2017,2013,Classico,Castelli Di Jesi Verdicchio Riserva Classico Pietrone,DOCG,Castelli Di Jesi Verdicchio Riserva,Vallerosa Bonci,Marche,3,30-34,Verdicchio 100%,Stoccafisso all'anconetana,86,,86,,na,,,Bianco fermo,White Wine,13.5,3,10,acciaio,steel,"Paglierino con riflessi dorati, luminoso. Si apre su intense sensazioni agrumate di mandarino, poi erbe aromatiche, anice stellato, presenze balsamiche, ginestra e frutta. In seguito libera caratteristici aromi di mandorla, vaniglia, pepe bianco, su un fondo salmastro. Il sorso è appagante, saporito, di personalità e potenza. Si congeda su un sentiero di zafferano e burro di arachidi. Riposa in cemento vetrificato. ",,Italy,,,
2,0000859,,,,,,,,,,,,2019,2015,Classico,Castelli Di Jesi Verdicchio Riserva Classico Pietrone,DOCG,Castelli Di Jesi Verdicchio Riserva,Vallerosa Bonci,Marche,4,30-34,Verdicchio 100%,Trancio di pesce spada alla griglia,89,,89,,na,,,Bianco fermo,White Wine,13.5,3,10,acciaio,steel,"Oro intenso. Evoluto al naso, esordisce con frutta esotica di papaia e mango, camonmilla e cera d'api, albicocca e melone; prosegue con sensazioni di muschio, tabacco e mandorla tostata. Effluvi mentolati e note di pietra pomice si estendono sulla chiusura salmastra. Fresco e sapido al palato, in contrapposizione con calde sensazioni che orientano su percezioni di equilibrio. Matura in cemento vetrificato per 12 mesi, affina a lungo in bottiglia. ",,Italy,,,
1,0000859-1,1.34,7,0.23,10,,,,,,,3.5,,,Classico,Castelli Di Jesi Verdicchio Riserva Classico Pietrone,DOCG,Castelli Di Jesi Verdicchio Riserva,Vallerosa Bonci,Marche,3★-4★,30-34,Verdicchio 100%,Stoccafisso all'anconetana – Trancio di pesce spada alla griglia,na,,na,,na,,,Bianco fermo,White Wine,13.5,3,10,acciaio,steel,,,Italy,,,
2,0000858,,,,,,,,,,,,2017,2015,Classico,Castelli Di Jesi Verdicchio Riserva Classico Oltretempo Del Pozzo Buono,DOCG,Castelli Di Jesi Verdicchio Riserva,Vicari,Marche,2,25-29,Verdicchio 100%,nd,84,,84,,na,,,Bianco fermo,White Wine,14.5,3,10,acciaio,steel,,,Italy,,,
2,0000858,,,,,,,,,,,,2021,2016,Classico,Castelli Di Jesi Verdicchio Riserva Classico Oltretempo Del Pozzo Buono,DOCG,Castelli Di Jesi Verdicchio Riserva,Vicari,Marche,3,25-29,Verdicchio 100%,Filetti di rombo in crosta di erbe,86,,86,,na,,,Bianco fermo,White Wine,14.5,3,10,acciaio,steel,"Giallo dorato intenso e vivace. Nuvole  di vaniglia si alternano a soffi di burro d'alpeggio, ginestra, biscotto e pepe bianco. La sapidità è protagonista in bocca, ben accompagnata da una ancor sorprendente giovinezza. Si congeda lentamente, rimarcando aromi iodati e di frutta sciroppata. Matura in acciaio per 10 mesi, affina in bottiglia per 30 mesi. ",,Italy,,,
2,0000858,,,,,,,,,,,,2023,2018,Classico,Castelli Di Jesi Verdicchio Riserva Classico Oltretempo Del Pozzo Buono,DOCG,Castelli Di Jesi Verdicchio Riserva,Vicari,Marche,3,26-30,Verdicchio 100%,Rombo al forno con patate e carciofi,86,,88,,na,,,Bianco fermo,White Wine,14.5,3,10,acciaio,steel,,,Italy,,,
1,000858-1,0.79,4,0.16,7,,,,,,,2.7,,,Classico,Castelli Di Jesi Verdicchio Riserva Classico Oltretempo Del Pozzo Buono,DOCG,Castelli Di Jesi Verdicchio Riserva,Vicari,Marche,2★-3★,26-30,Verdicchio 100%,Rombo al forno con patate e carciofi – Filetti di rombo in crosta di erbe – ,85.3,0★,86.0,nd,nd,,,Bianco fermo,White Wine,14.5,3k,10,acciaio,steel,,,Italy,,,
2,0000877,,,,,,,,,,,,2019,2014,,Castelli Di Jesi Verdicchio Riserva Logos,DOCG,Castelli Di Jesi Verdicchio Riserva,Vigna Degli Estensi,Marche,3,10-14,Verdicchio 100%,Ricciola la forno,86,,86,,na,,,Bianco fermo,White Wine,14,2,9,acciaio,steel,"Manto dorato. Ventaglio olfattivo perfettamente equilibrato tra sentori di tarassaco, foglie di tè, rosa tea, frutta esotica e susina goccia d'oro. Lievi percezioni di miele e silice. Assembla al gusto sensazioni diverse e una bella sapidità netta, decisa, lunga. Maturazione in acciaio per 9 mesi. ",,Italy,,,
2,0000877,,,,,,,,,,,,2020,2015,,Castelli Di Jesi Verdicchio Riserva Logos,DOCG,Castelli Di Jesi Verdicchio Riserva,Vigna Degli Estensi,Marche,2,10-14,Verdicchio 100%,nd,84,,84,,na,,,Bianco fermo,White Wine,14,3,9,acciaio,steel,,,Italy,,,
2,0000877,,,,,,,,,,,,2021,2016,,Castelli Di Jesi Verdicchio Riserva Logos,DOCG,Castelli Di Jesi Verdicchio Riserva,Vigna Degli Estensi,Marche,4,10-14,Verdicchio 100%,Totani ripieni alla ligure,89,,89,,na,,,Bianco fermo,White Wine,14.5,3,9,acciaio,steel,"Giallo paglierino luminoso. L’olfatto è caratterizzato da una base iodata sulla quale germogliano profumi di zagara, aneto, salvia e nocciola. In bocca la morbidezza è avvolgente e una buona alcolicità bilancia a perfezione l’intensa sapidità. Nel finale spunta la mandorla, come firma riconoscibile del vitigno, che regala un'armonica persistenza. Nonostante la maturità, il futuro sarà roseo anche negli anni a venire. Matura in acciaio per 9 mesi, affina in bottiglia per 30 mesi. ",,Italy,,,
2,0000877,,,,,,,,,,,,2022,2017,,Castelli Di Jesi Verdicchio Riserva Logos,DOCG,Castelli Di Jesi Verdicchio Riserva,Vigna Degli Estensi,Marche,4,15-19,Verdicchio 100%,Orata al cartoccio,89,,89,,na,,,Bianco fermo,White Wine,14.5,3,9,acciaio,steel,"Giallo dorato, cristallino. Fragranze di zagara, gelsomino, gine- stra, mimosa, pesca gialla, mela golden, miele di girasole. Sen- tore di vaniglia. Il sorso è appagante, caldo e avvolgente, ma pure sapido ed equilibrato. Note agrumate e lieve mineralità di idrocarburi in chiusura. ",,Italy,,,
2,0000877,,,,,,,,,,,,2023,2018,,Castelli Di Jesi Verdicchio Riserva Logos,DOCG,Castelli Di Jesi Verdicchio Riserva,Vigna Degli Estensi,Marche,4,14-18,Verdicchio 100%,Branzino al sale,89,,87,,na,,,Bianco fermo,White Wine,14.5,3,9,acciaio,steel,,,Italy,,,
1,000877-1,3.46,19,1.21,50,,,,,,,3.4,,,,Castelli Di Jesi Verdicchio Riserva Logos,DOCG,Castelli Di Jesi Verdicchio Riserva,Vigna Degli Estensi,Marche,2★-4★,14-18,Verdicchio 100%,Rombo al forno con patate e carciofi – Filetti di rombo in crosta di erbe –  – Ricciola la forno – Totani ripieni alla ligure – Orata al cartoccio – Branzino al sale,87.1,0★,86.8,nd,nd,,,Bianco fermo,White Wine,14.5,3k,9,acciaio,steel,,,Italy,,,
2,0000855,,,,,,,,,,,,2017,2012,Classico,Castelli Di Jesi Verdicchio Riserva Classico Ambrosia,DOCG,Castelli Di Jesi Verdicchio Riserva,Vignamato,Marche,3,15-19,Verdicchio 100%,nd,86,,86,,na,,,Bianco fermo,White Wine,13.5,4,36,acciaio,steel,"Giallo paglierino con pregevoli riflessi dorati. Al naso prugna gialla, ginestra  e nuance di vaniglia. Al palato è avvolgente, con un'evidente alcolicità che si confronta con la spiccata sapidità. Note di frutta sotto spirito in chiusura. In acciaio per 36 mesi e parte in barrique. ",,Italy,,,
2,0000855,,,,,,,,,,,,2020,2016,Classico,Castelli Di Jesi Verdicchio Riserva Classico Ambrosia,DOCG,Castelli Di Jesi Verdicchio Riserva,Vignamato,Marche,3,15-19,Verdicchio 100%,Trancio di pesce spada alla griglia,86,,86,,na,,,Bianco fermo,White Wine,13.5,6,12,cemento,concrete,"Paglierino smagliante con screziature verdoline. Intense le sfumature di mela, papaia e ginestra, arricchite da sfumature di mandorla. Al sorso la suadente morbidezza è pervasa da una freschezza che ravviva il gusto, supportata da un'aggraziata sapidità; termina su ritorni fruttati. Riposa in vasche di cemento, e parte in tonneau, per 12 mesi. ",,Italy,,,
2,0000855,,,,,,,,,,,,2021,2017,Classico,Castelli Di Jesi Verdicchio Riserva Classico Ambrosia,DOCG,Castelli Di Jesi Verdicchio Riserva,Vignamato,Marche,5,25-29,Verdicchio 100%,Tataki di salmone in crosta di sesamo,91,,91,,na,,,Bianco fermo,White Wine,13.5,7,12,cemento,concrete,"Giallo paglierino di mirabile luminosità con pregiate screziature verdoline. Apre con invitanti profumi di mandorla tostata e mimosa, seguiti da sfumature di ginestra e cedro. All'assaggio la stimolante freschezza abbraccia un'avvolgente e adeguata alcolicità, emergendo quel tanto che basta a rendere ulteriormente appagante la beva. Una raffinata sapidità arricchisce il lungo finale, costellato di aromi di agrumi. Fermentazione in acciaio e maturazione in cemento e parte in tonneau per 12 mesi ",,Italy,,,
2,0000855,,,,,,,,,,,,2022,2018,Classico,Castelli Di Jesi Verdicchio Riserva Classico Ambrosia,DOCG,Castelli Di Jesi Verdicchio Riserva,Vignamato,Marche,5,25-29,Verdicchio 100%,Risotto con fonduta di fossa e guanciale croccante,91,,91,,na,,,Bianco fermo,White Wine,13.5,7,6,acciaio,steel,"Luminoso paglierino con riflessi dorati. Impatto olfattivo elegan- te di fiori di sambuco e zagara, fruttato di agrumi, mango e pe- sca. Timo, erba cedrina e cenni minerali sulfurei. Il gusto è sa- pido, fresco, ben equilibrato al tono alcolico. Molto persistente, con cenni di anice e biancospino. ",,Italy,,,
2,0000855,,,,,,,,,,,,2023,2019,Classico,Castelli Di Jesi Verdicchio Riserva Classico Ambrosia,DOCG,Castelli Di Jesi Verdicchio Riserva,Vignamato,Marche,5,23-27,Verdicchio 100%,Filetto di dentice in crosta di patate,91,,93,,na,,,Bianco fermo,White Wine,13.5,7,6,acciaio,steel,"ro scintillante. La qualità olfattiva è un preludio al percorso sensoche avverrà. Mandarino, mandorla tostata, cera d'apl, zafferano e una tracciai mare In sottofondo. AL palato è di stnuttura, fresco ma morbido, e di unasapldità commovente, Ottima la persistenza, schietto e armonic",,Italy,,,
1,000855-1,9.62,54,2.15,89,,,,,,,4.2,,,Classico,Castelli Di Jesi Verdicchio Riserva Classico Ambrosia,DOCG,Castelli Di Jesi Verdicchio Riserva,Vignamato,Marche,3★-5★,23-27,Verdicchio 100%,Trancio di pesce spada alla griglia – Tataki di salmone in crosta di sesamo – Risotto con fonduta di fossa e guanciale croccante – Filetto di dentice in crosta di patate,89.0,0★,89.4,nd,nd,,,Bianco fermo,White Wine,13.5,7k,6,acciaio,steel,,,Italy,,,
2,0006134,,,,,,,,,,,,2023,2019,Classico,Castelli Di Jesi Verdicchio Classico Riserva Pier Delle Vigne,DOCG,Castelli Di Jesi Verdicchio Riserva,Zaccagnini,Marche,3,23-27,Verdicchio 100%,Rombo al forno con patate,88,,89,,na,,,Bianco fermo,White Wine,14.5,2,12,acciaio,steel,,,Italy,,,
1,0006134-1,0.34,2,0.08,3,,,,,,,3.0,NEW,,Classico,Castelli Di Jesi Verdicchio Classico Riserva Pier Delle Vigne,DOCG,Castelli Di Jesi Verdicchio Riserva,Zaccagnini,Marche,3★,23-27,Verdicchio 100%,Rombo al forno con patate,88.0,0★,89.0,nd,nd,,,Bianco fermo,White Wine,14.5,2k,12,acciaio,steel,,,Italy,,,
2,0000881,,,,,,,,,,,,2020,2016,Classico,Castelli Di Jesi Verdicchio Classico Riserva Maestro Di Staffolo,DOCG,Castelli Di Jesi Verdicchio Riserva,Zaccagnini,Marche,3,25-29,Verdicchio 100%,Caciocavallo podolico stagionato,88,,88,,na,,,Bianco fermo,White Wine,14.5,3,12,acciaio,steel,"Giallo dorato, di vivida lucentezza. Profumi evoluti che variano dal miele allo zenzero candito, dalla vaniglia alla pietra focaia, e richiami di panificazione, mela golden e frutta tropicale. Bocca piena e morbida, con alcol prorompente e un buon supporto acido-sapido a centrare un equilibrio trovato; chiusura persistente, dal finale asciutto di sidro di mele. Fermenta in cemento e matura sui lieviti in botti grandi per 10 mesi. ",,Italy,,,
2,0000881,,,,,,,,,,,,2023,2019,Classico,Castelli Di Jesi Verdicchio Classico Riserva Maestro Di Staffolo,DOCG,Castelli Di Jesi Verdicchio Riserva,Zaccagnini,Marche,3,23-27,Verdicchio 100%,Bocconcini di rana pescatrice,88,,86,,na,,,Bianco fermo,White Wine,14.5,3,12,acciaio,steel,,,Italy,,,
1,000881-1,0.68,4,0.15,6,,,,,,,3.0,,,Classico,Castelli Di Jesi Verdicchio Classico Riserva Maestro Di Staffolo,DOCG,Castelli Di Jesi Verdicchio Riserva,Zaccagnini,Marche,3★,23-27,Verdicchio 100%,Caciocavallo podolico stagionato – Bocconcini di rana pescatrice,88.0,0★,87.0,nd,nd,,,Bianco fermo,White Wine,14.5,3k,12,acciaio,steel,,,Italy,,,
